artist,genre
Witchtrap,black thrash
Izïa,french indie pop
"DJ Drama Featuring 2 Chainz, Meek Mill & Jeremih",rap
Pitbull Featuring TJR,pop
Chris Brown & Tyga,pop
"quickly, quickly",chillhop
JPEGMAFIA,alternative hip hop
Expire,chaotic hardcore
Winterwolf,finnish death metal
G-Eazy Featuring A$AP Rocky & Cardi B,pop
Ben Lukas Boysen,ambient
Chief Keef Featuring Lil Reese,chicago bop
Craig Armstrong,soundtrack
Chris Blue,deep talent show
"YG, Tyga & Jon Z",rap
A Boogie Wit da Hoodie Featuring Offset & Tyga,rap
Danne Stråhed,classic swedish pop
Lupe Fiasco,rap
DJ Khaled Featuring Jay Z & Future,pop
Linkin Park Featuring Kiiara,alternative metal
I Will Never Be The Same,future rock
Assaulter,black thrash
Trey Songz,pop
Fleddy Melculy,belgian metal
Mikkel Metal,danish techno
Jeremih Featuring J. Cole,pop
Roscoe Dash,atl hip hop
Sun Diego,deep german hip hop
Eric Church,country
Mr. Lif,abstract hip hop
SZA,pop
ScHoolboy Q Featuring 21 Savage,rap
Drake Featuring Giggs,canadian hip hop
Hexer,atmospheric doom
Keys N Krates,bass trap
G-Eazy & Halsey,pop
Ed Sheeran,pop
Roddy Ricch,rap
Calvin Harris Featuring Florence Welch,pop
Pigeon Hole,experimental bass
il:lo,vapor twitch
Skeptical,deep dubstep
Bobby Helms,adult standards
Charles Koechlin,early modern classical
Lil Wayne Featuring Detail,rap
Lukas Graham,pop
2 Chainz Featuring Travis Scott,atl hip hop
Zero Bedroom Apartment,compositional ambient
John Powell,soundtrack
Sam Smith & Normani,pop
Neeti Mohan,desi pop
The Arcs,rock
Dean Martin,adult standards
Foxygen,baroque pop
JFC,future ambient
Flamin' Groovies,classic garage rock
Cygnus X,trance
Blackmill,chillstep
George Strait,country
Les Friction,epicore
Polo G Featuring Lil Tjay,chicago rap
Johnny O.,freestyle
Calvin Harris & Disciples,pop
AIKA,future bass
Emerald Sun,greek metal
Future & Juice WRLD,atl hip hop
LMFAO,dance pop
Belly Featuring The Weeknd,trap
Shakira Featuring Freshlyground,pop
Viktoria Tolstoy,contemporary vocal jazz
The Weeknd Featuring Lana Del Rey,canadian contemporary r&b
Jack Johnson,neo mellow
Pitbull,pop
Disparaged,swiss metal
Chris Brown Featuring Lil Wayne & Busta Rhymes,pop
Drake Featuring Nicki Minaj,canadian hip hop
G-Space,experimental bass
DJ Luke Nasty,north carolina hip hop
Archipel,french indietronica
Black Dawn,finnish black metal
Alan Walker,electro house
Kool Keith,abstract hip hop
Kelly Clarkson,pop
Jana Kramer,country
Marshmello,pop
Javier Colon,deep talent show
Sleeping At Last,pop
Lecrae,ccm
Jeezy,atl hip hop
Doctor P,dubstep
Atilla,calypso
Camila Cabello Featuring DaBaby,pop
Sledding With Tigers,folk punk
David Guetta Featuring Akon,pop
Helloween,metal
Pentatonix,a cappella
Nat King Cole,adult standards
Ingrid Michaelson,acoustic pop
Playboi Carti Featuring Lil Uzi Vert,atl hip hop
Sage The Gemini Featuring IamSu!,dance pop
William Prince,canadian indigenous
Gunna,rap
Elder Island,electronica
David Pfeffer,german pop
Maluma X Nego do Borel,reggaeton
Mr Eazi,afro dancehall
Days N Daze,acoustic punk
Beyond Helvete,autonomous black metal
Matt McAndrew,deep talent show
Wild Child,austin americana
Purity Ring,art pop
Anne Hathaway,hollywood
Raggarkungen,danspunk
Justin Bieber Featuring Nicki Minaj,pop
Adventure Club,brostep
Usher Featuring Plies,atl hip hop
Ivo Phi,asmr
In Aeternam Vale,grave wave
DJ Suede The Remix God,viral trap
Banda Los Sebastianes,banda
John Prine,alternative country
Enrique Iglesias Featuring Wisin,pop
Exhumed,brutal death metal
Das Kabinette,grave wave
Post Malone Featuring Future & Halsey,rap
Machine Gun Kelly Featuring Hailee Steinfeld,ohio hip hop
David Guetta Featuring Usher,pop
MGK Featuring Waka Flocka Flame,ohio hip hop
Chihei Hatakeyama,ambient
fun.,baroque pop
Dangerous,chilean metal
Kat Frankie,german indie
OMI,dance pop
Bad Bunny Featuring Drake,latin
Metro Boomin Featuring 21 Savage,hip hop
The Mountain Goats,alternative rock
Killswitch Engage,alternative metal
Panzerchrist,danish death metal
Led Er Est,dark post-punk
Lil Wayne Featuring Big Sean,rap
Beach Fossils,brooklyn indie
The American Dollar,post-rock
Anne Dudley,soundtrack
21 Savage,atl hip hop
Don Costa,easy listening
Jay Sean Featuring Lil Wayne,dance pop
Jerry Paper,experimental pop
Lil Skies,rap
11 Acorn Lane,electro swing
MC G15,funk carioca
Stan Getz,jazz
Tessanne Chin,deep talent show
The Shaking Sensations,atmospheric post-rock
Shinedown,alternative metal
Forever The Sickest Kids,electropowerpop
Ducktails,baroque pop
Earthen Sea,experimental ambient
Usher Featuring Nicki Minaj,atl hip hop
Red Garland,jazz
Dollar Signs,charlotte nc indie
Delayde,chillhop
"Lil Wayne, Wiz Khalifa & Imagine Dragons With Logic & Ty Dolla $ign Feat. X Ambassadors",rap
Doomdogs,gothenburg metal
The Petulant,danish metal
Walker & Royce,house
Lopazz,german techno
Kristen Bell & Santino Fontana,disney
"Kanye West Featuring Jay-Z, Rick Ross, Bon Iver & Nicki Minaj",rap
Kim Fowley,classic garage rock
Andreilien,glitch hop
Wilco,alternative country
"Casper Magico, Nio Garcia, Darell, Nicky Jam, Ozuna & Bad Bunny",latin
Pepe Aguilar,latin talent show
High Tone,dub
The Glands,athens indie
Marilyn Scott,contemporary vocal jazz
Push,trance
Lord Huron,indie folk
Chris Brown Featuring Tyga & Kevin McCall,pop
Palomo,musica mexicana
Birdman Featuring Drake & Lil Wayne,rap
Times Of Grace,metalcore
Chet Baker,jazz
Zac Brown Band Featuring Alan Jackson,country
Niigata,atmosphere
Macklemore & Ryan Lewis Featuring Ray Dalton,pop
Dr. Dre Featuring Eminem & Skylar Grey,rap
Myke Forte,abstract beats
Zayde Wølf,modern alternative rock
We Banjo 3,irish banjo
Waka Flocka Flame,rap
Joe Nichols,country
Ìxtahuele,exotica
Matt Redman,worship
Loud Luxury Featuring Brando,pop
SPIRIT DESCENT,epic doom
Chris Brown Featuring Lil Wayne & Swizz Beatz,pop
Genetic Control,canadian hardcore
Destruction,metal
Fetty Wap,rap
Boudewijn de Groot,dutch pop
Xavier Cugat,cha-cha-cha
Nicki Minaj,pop
Far*East Movement Featuring Ryan Tedder,asian american hip hop
Blastromen,finnish electro
Rosewood Bape,boston hip hop
bo en,experimental pop
"Fat Joe, Remy Ma & Jay Z Featuring French Montana & Infared",bronx hip hop
Bad Meets Evil,rap
G-Eazy x Bebe Rexha,pop
Kendrick Lamar Featuring U2,conscious hip hop
No Bros,austrian metal
Cashmere Cat Featuring Ariana Grande,pop
Maejor Ali Featuring Juicy J & Justin Bieber,detroit hip hop
Swedish House Mafia Featuring John Martin,edm
Scandinavian Metal Praise,christian metal
Ed Sheeran Featuring Chance The Rapper & PnB Rock,pop
Lupe Fiasco Featuring MDMA,rap
6LACK,r&b
Post Malone Featuring Nicki Minaj,rap
"Layton Greene, Lil Baby, City Girls & PnB Rock",rap
Astronoid,blackgaze
blackbear,pop
Kaskade,house
John Coltrane,jazz
KC & The Sunshine Band,disco
Cat's Eyes,chamber psych
Dream Koala,indie dream pop
Shining,avant-garde metal
Ty Dolla $ign Featuring E-40,hip hop
Justin Timberlake Featuring Chris Stapleton,pop
Khalid & Kane Brown,pop
Muse,rock
Carrie Underwood Featuring Ludacris,country
Kings Of Tomorrow,classic house
Los Cadetes De Linares,corridos clasicos
Wang Wen,chinese indie
Nicole Scherzinger Featuring 50 Cent,pop
The Seldom Scene,bluegrass
Kraddy,glitch hop
King Heavy,epic doom
Rank 1,trance
Iggy Pop,rock
Ozuna x Cardi B,latin
Wiz Khalifa,rap
Sam Hunt,contemporary country
Justin Bieber + BloodPop,pop
Duke Ellington,jazz
Taylor Swift Featuring The Civil Wars,pop
Urban Blight,canadian hardcore
Mal Blum,anti-folk
Ariana Grande Featuring Big Sean,pop
Riley Green,contemporary country
Cardi B Featuring Migos,pop
Childish Gambino,atl hip hop
Nanahira,denpa-kei
Anorexia Nervosa,black metal
Mortification,australian thrash metal
Runaway June,contemporary country
La Adictiva Banda San José de Mesillas,banda
Thorium,danish death metal
The Chainsmokers Featuring Halsey,pop
Post Malone Featuring 21 Savage,rap
Drake Featuring Majid Jordan,canadian hip hop
Ricky Skaggs,bluegrass
Colbie Caillat,pop
Ever So Blue,background piano
Cardi B Featuring 21 Savage,pop
David Lynch,dark ambient
Nego do Borel,funk carioca
Intervals,djent
Wasted Youth,california hardcore
Linkin Park,alternative metal
Chance The Rapper Featuring Lil Wayne & 2 Chainz,rap
Natti Natasha x Ozuna,latin
Lil Jon & The East Side Boyz,atl hip hop
"YG Featuring Tyga, Snoop Dogg & Nipsey Hussle",rap
Jamie Foxx Featuring Chris Brown,contemporary r&b
Sheck Wes,trap
Anirudh Ravichander,desi hip hop
Koh Lantana,atmosphere
Glee Cast Featuring Gwyneth Paltrow,glee club
Chance The Rapper Featuring MadeinTYO & DaBaby,rap
Rob $tone Featuring J. Davi$ & Spooks,san diego rap
"Ariana Grande, Miley Cyrus & Lana Del Rey",pop
Nicki Minaj Featuring Rihanna,pop
Regina Mira,background music
Rihanna Featuring Mikky Ekko,pop
Ultra Vomit,french rock
Miguel,pop
Howard Shore,soundtrack
"YG Featuring 2 Chainz, Big Sean & Nicki Minaj",rap
Hideki Naganuma,japanese vgm
James Bay,modern rock
Novo Amor,ambient folk
Los Tigres Del Norte,musica mexicana
Kodak Black Featuring Lil Wayne,rap
Rihanna,pop
Flavien Berger,electronica
Aurelio Voltaire,comic
Bill Monroe & His Blue Grass Boys,appalachian folk
The JaneDear Girls,country
Zach Sobiech,
Holger Czukay,art rock
Lauren Alaina,country
The Black Keys,rock
School Of Seven Bells,chillwave
The New Black,german hard rock
Sturgill Simpson,alternative americana
Culture Code,filthstep
My Chemical Romance,rock
Claustrofobia,brazilian death metal
Lloyd Banks Featuring Juelz Santana,rap
Casanovas,dansband
Flughand,chillhop
Joby Talbot,21st century classical
Kasabian,rock
Michael Jackson & Justin Timberlake,pop
Illingsworth,abstract beats
Yma Sumac,exotica
The Jesus and Mary Chain,rock
Arve Henriksen,contemporary jazz
Lil Xan,emo rap
Fuse ODG,afro dancehall
Mary Lambert,neo mellow
Rupert Gregson-Williams,soundtrack
Linkin Park X Steve Aoki,alternative metal
Vitor Munhoz,dark disco
"Sofi Tukker Featuring NERVO, The Knocks & Alisa Ueno",edm
Hiphop Tamizha,desi hip hop
Alela Diane,indie folk
Caleb Belkin,chillhop
Procession,chilean metal
Orianthi,candy pop
Alicia Keys Featuring Miguel,pop
Kali Uchis,pop
Eminem Featuring Nate Ruess,detroit hip hop
Lil Uzi Vert,rap
Bonnie McKee,candy pop
[dunkelbunt],balkan beats
Dev Featuring The Cataracs,dance pop
Young Thug Featuring Machine Gun Kelly,rap
Biscaya,gothenburg metal
Ester Dean Featuring Chris Brown,
Post Malone Featuring Meek Mill & Lil Baby,rap
Deathstars,metal
Danger Radio,alternative pop rock
Tyga Featuring Lil Wayne,dance pop
Matt Nathanson,acoustic pop
DJ Shog,bubble trance
The Cats,classic uk pop
Brothers Osborne,country
Jay-Z + Alicia Keys,east coast hip hop
Calvin Harris Featuring Rihanna,pop
Enrique Iglesias With Usher Featuring Lil Wayne,pop
Chris Young Duet With Cassadee Pope,country
Nelly Featuring Keri Hilson,rap
Luciferion,death metal
TV Girl,indie pop
Fabolous,dance pop
Kip Moore,country
Drake Featuring Jorja Smith & Black Coffee,canadian hip hop
Habstrakt,bass house
MitiS,edm
Michael Nyman,bow pop
Young Thug Featuring Gunna,rap
David Guetta Featuring Sia,pop
Jimmy Fallon Featuring will.i.am,comedy
"Kanye West Featuring Theophilus London, Allan Kingdom & Paul McCartney",rap
Nina Miller,ballet class
Imperius Profanus,brazilian black metal
Dreezy Featuring Jeremih,r&b
Eminem Featuring Lil Wayne,detroit hip hop
"Royce Da 5'9""",alternative hip hop
John Butler Trio,australian rock
Calvin Harris Featuring Ellie Goulding,pop
Glen Campbell,adult standards
Harley Poe,acoustic punk
Spose,comic
Wande Coal,afro dancehall
Nuit Noire,
Owl City,indietronica
The Chainsmokers & Illenium Featuring Lennon Stella,pop
Summoning,atmospheric black metal
Goldmund,ambient
Marc Anthony,latin
Gorguts,brutal death metal
"DJ Khaled Featuring Justin Bieber, Quavo, Chance The Rapper & Lil Wayne",pop
Haus of Panda,canadian electronic
Kidnap,future garage
DNCE,pop
Artists For Haiti,musical advocacy
Rayvanny,azontobeats
Apocryphal,french death metal
Tiamat,doom metal
The Covasettes,english indie rock
"A$AP Rocky Featuring Drake, 2 Chainz & Kendrick Lamar",east coast hip hop
Keith Urban Featuring Eric Church,country
The Barden Bellas,a cappella
Passenger,pop
Little Dragon,alternative dance
Bloodbath,metal
Frau Doktor,euroska
Sam Manning,calypso
Machinae Supremacy,bitpop
A L E X,lo-fi beats
Boys Like Girls Featuring Taylor Swift,neo mellow
Northlane,metalcore
Drake,canadian hip hop
Ghusa,french death metal
Klone,french metal
Migos Featuring Drake,atl hip hop
X Ambassadors,rock
will.i.am & Britney Spears,pop
Brantley Gilbert Featuring Justin Moore & Thomas Rhett,country
Beach House,baltimore indie
Cole Swindell,country
Tomasz Bednarczyk,ambient
Gallery-81,chicago pop punk
Flume,australian dance
Mario,pop
Dua Lipa,pop
Old Dominion,country
Calvin Harris & Dua Lipa,pop
John Henriksson,background music
Manchester Orchestra,indie rock
"Nicki Minaj, Drake & Lil Wayne",pop
Afterlife,chill lounge
Tyler Farr,country
Ariana Grande & Social House,pop
The Taxpayers,anti-folk
PnB Rock,rap
Bon Jovi,glam metal
Bugge Wesseltoft,dark jazz
The Sura Quintet,chill lounge
Screamfeeder,australian alternative rock
Hank Jones,jazz
Gary Allan,country
Cam,country
The Black Eyed Peas X J Balvin,pop
Children Of Bodom,metal
Calling from afar,chinese metal
A$AP Rocky,east coast hip hop
Echo & the Bunnymen,rock
The Black,
Nick Murphy / Chet Faker,art pop
"DJ Khaled Featuring Meek Mill, J Balvin, Lil Baby & Jeremih",pop
Lil Baby & DaBaby,north carolina hip hop
DJ Spinall,afro dancehall
Konane,kawaii future bass
McKinley Mitchell,chicago soul
"DJ Khaled Featuring Chris Brown, Rick Ross, Nicki Minaj & Lil Wayne",pop
Florian Ostertag,german indie folk
Nicky Jam,latin
Traitor,german thrash metal
Cajmere,chicago house
Roger Eno,ambient
Earl Hooker,blues
Max Frost,austindie
Good Morning,experimental pop
Eric Church Featuring Rhiannon Giddens,country
Florida Georgia Line Featuring Tim McGraw,country
Jamie xx,electronica
Blue Sky Black Death,abstract hip hop
Carly Rae Jepsen,pop
Sean Downey,vaporwave
Ayatollah,abstract beats
Drake Featuring PARTYNEXTDOOR,canadian hip hop
Jan Garbarek,classical saxophone
Jason Derulo Featuring 2 Chainz,pop
Elskavon,ambient worship
Dirt Rock Empire,country rap
Usher Featuring Rick Ross,atl hip hop
Cassadee Pope,contemporary country
Sidsel Endresen,dark jazz
Leo,comic metal
Tech N9Ne Featuring 2 Chainz & B.o.B,hip hop
The Lumineers,pop
Sukhbir,bhangra
Bryce Janey,electric blues
Brandy Featuring Chris Brown,pop
benny blanco & Juice WRLD Featuring Brendon Urie,pop
"ScHoolboy Q, 2 Chainz & Saudi",rap
Evil Activities,gabba
Morgan Evans,australian country
Alexandra Stan,dance pop
Eddie Meduza,classic swedish pop
Clean Bandit Featuring Sean Paul & Anne-Marie,dance pop
Josh Kelley,acoustic pop
Objekt,future garage
My Darkest Days Featuring Zakk Wylde,alternative metal
DJ Deeon,ghettotech
Odunsi (The Engine),afropop
Steel Panther,metal
Thelonious Monk,jazz
Dub Silence,
Boreal Massif,illbient
OG Maco Featuring 2 Chainz,atl hip hop
Jay Z Kanye West Featuring Frank Ocean,east coast hip hop
Juicy J Featuring Big Sean & Young Jeezy,rap
An-Ten-Nae,downtempo bass
Ellie Goulding X Diplo Featuring Swae Lee,pop
TesseracT,alternative metal
Ty Dolla $ign Featuring Future & Rae Sremmurd,hip hop
Jason Aldean Featuring Miranda Lambert,country
Mors Principium Est,metal
Trippie Redd Featuring DaBaby,rap
Sunidhi Chauhan,desi pop
Protomartyr,chamber psych
Migos Featuring Gucci Mane,atl hip hop
Teodor Wolgers,background music
Suffocation,metal
Oneohtrix Point Never,ambient
Rocko Featuring Future & Rick Ross,rap
Story Of The Year,alternative metal
Ozuna x Daddy Yankee x J Balvin x Farruko x Anuel AA,latin
Stupeflip,chanson humoristique
Justify Rebellion,danish metal
Marshmello & Kane Brown,pop
Sheppard,pop
David Guetta Featuring Ne-Yo & Akon,pop
Einojuhani Rautavaara,classical
Chelsea Grin,metalcore
Jamie Foxx Featuring Justin Timberlake & T .I.,contemporary r&b
Martina McBride,country
Mustard Featuring Roddy Ricch,rap
Diljit Dosanjh,desi pop
The Riot Before,folk punk
Jake Xerxes Fussell,alternative americana
Hailee Steinfeld & Alesso Featuring Florida Georgia Line & Watt,pop
Joeboy,nigerian pop
Johann Sebastian Bach,baroque
SOB X RBE,trap
Kumar Sanu,classic bollywood
A-Trak + Milo & Otis Featuring Rich Kidz,canadian electronic
Flo Rida & 99 Percent,pop
The Kooks,rock
Move D,deep house
VCTRE,experimental bass
Julee Cruise,art pop
Memoriam,birmingham metal
Reks,alternative hip hop
Nipsey Hussle Featuring Kendrick Lamar,conscious hip hop
Spirits Of Our Dreams,atmosphere
The Swellers,alternative emo
Khalid Featuring A Boogie Wit da Hoodie,pop
Kraak & Smaak,bboy
Bethlehem,black metal
Maddie & Tae,country
The Landers,desi hip hop
Wild Front,english indie rock
Wolfpack,neo-crust
Angerfist,gabba
Nate Ruess,modern rock
Onkel Tom,
Migos Featuring Travis Scott,atl hip hop
Ariana Grande Featuring Iggy Azalea,pop
Florida Georgia Line Featuring Luke Bryan,country
Die Apokalyptischen Reiter,folk metal
Dr. Sounds,atmosphere
T.I. Featuring Lil Wayne,rap
Steven Price,soundtrack
Ollie Macfarlane,chillstep
Rickyxsan,bass trap
"The Barden Bellas, The Treblemakers & The BU Harmonics",a cappella
Gesaffelstein & The Weeknd,dark clubbing
Dan Andriano in the Emergency Room,acoustic rock
Fabolous Featuring Chris Brown,pop
Shatta Wale,afro dancehall
Kaitlyn Aurelia Smith,ambient
Bad Bunny,latin
Ylvis,comic
Vertical Worship,worship
Black Crucifixion,finnish black metal
A Great Big World & Christina Aguilera,modern rock
Joep Beving,compositional ambient
AceMo,experimental techno
Elf Power,athens indie
Lucy Hale,post-teen pop
Tides Of Man,dreamo
Sunrise Avenue,finnish pop
NAV Featuring Lil Uzi Vert,trap
One Direction,pop
Los Alegres de la Sierra,chilena
ill-esha,glitch
M. Geddes Gengras,abstractro
Wizex,classic swedish pop
Selena Gomez Featuring Gucci Mane,pop
Travis Scott Featuring Lil Uzi Vert & Kanye West,east coast hip hop
Gare Du Nord,dutch pop
Kesha Featuring The Dap-Kings Horns,pop
KYLE Featuring Lil Yachty,pop
Summer Walker & Usher,pop
Valesca Popozuda,funk carioca
Lana Del Rey & Cedric Gervais,pop
Gucci Mane X Bruno Mars X Kodak Black,rap
Three Drives On A Vinyl,trance
Massacration,brazilian metal
Slapstick,chicago punk
Pitbull Featuring Ke$ha,pop
Thy Art Is Murder,metalcore
Gonzalo Rubalcaba,jazz cubano
Kid Francescoli,electronica
Lil Pump,rap
Tangled Thoughts of Leaving,australian post-rock
Taylor Swift Featuring Ed Sheeran,pop
Shakira Featuring Rihanna,pop
BABYMETAL,comic metal
Pulp,rock
Emancipator,downtempo
Mitchell Tenpenny,contemporary country
Rihanna Featuring Future,pop
DLOW,chicago bop
Benighted,brutal death metal
Blood Orange,alternative r&b
"Calvin Harris Featuring Pharrell Williams, Katy Perry & Big Sean",pop
T-Wayne,houston rap
Future Featuring The Weeknd,atl hip hop
Ripcordz,canadian punk
Isla Vista Worship,anthem worship
Béla Fleck,bluegrass
"Internet Money, Lil Tecca & A Boogie Wit da Hoodie",rap
Daddy Yankee & Katy Perry Featuring Snow,latin
Subvert,glitch hop
Lars Graugaard,danish contemporary classical
Watered,german post-rock
Quavo Featuring Drake,atl hip hop
Cabaret Nocturne,belgian techno
Benjamin Wallfisch,soundtrack
Chris Young,country
KONGOS,modern alternative rock
The Assist,birmingham indie
Audiomachine,
La Femme,french indie pop
Starboy,nigerian pop
B.o.B Featuring Lil Wayne,pop
Jay Sean Featuring Nicki Minaj,dance pop
August Alsina,pop r&b
Benny Benassi,edm
Jay Sean Featuring Sean Paul & Lil Jon,dance pop
B.o.B Featuring Rivers Cuomo,pop
Sarke,"""black n roll"""
Gene Autry,adult standards
Girl Unit,footwork
Black Light Smoke,dark disco
Veil Of Maya,deathcore
The Essex Green,elephant 6
N*E*R*D & Rihanna,hip hop
Ariana Grande Featuring Nicki Minaj,pop
Wale Featuring Kid Cudi,rap
A$AP Rocky Featuring Skrillex,east coast hip hop
Zara Larsson & MNEK,pop
Katy Tiz,
Wolfgang Mitterer,21st century classical
Stereophonics,rock
"Game Featuring Lil Wayne & Tyler, The Creator",rap
Sarah Jeffery,social media pop
Jason Aldean With Kelly Clarkson,country
Justin Bieber Featuring Chance The Rapper,pop
"Marshmello, Tyga & Chris Brown",pop
Young Thug Featuring Future,rap
The Accüsed,comic metal
The Dirty Heads Featuring Rome,reggae fusion
Skarra Mucci,french reggae
Trifonic,chillstep
Skrillex & Diplo With Justin Bieber,edm
"Tyler, The Creator",hip hop
Godsmack,alternative metal
Le Youth,house
Dia Frampton,
Sia Featuring Kendrick Lamar,australian dance
Kygo Featuring Miguel,pop
"Megan Thee Stallion, Nicki Minaj & Ty Dolla $ign",pop
Martin Garrix,pop
The Ready Set,neon pop punk
Rick Wade,deep house
Zayn / Taylor Swift,pop
Charli XCX,pop
Mike Posner Featuring Lil Wayne,pop
My Morning Jacket,rock
Macklemore Featuring Kesha,pop rap
Steven C,classify
Shadow of Intent,melodic deathcore
Iannis Xenakis,acousmatic
Mexico City Atmospheres,atmosphere
Kelly Rowland Featuring Lil Wayne,pop
Ed Sheeran & Justin Bieber,pop
Karmin,dance pop
Zeal & Ardor,avant-garde metal
Drake Featuring The Weeknd,canadian hip hop
Rihanna Featuring Britney Spears,pop
Ben Webster,jazz
Famous Dex,rap
Rihanna & Kanye West & Paul McCartney,pop
King Promise,afro dancehall
Beyonce Featuring James Blake,pop
Darkthrone,metal
Blazing Row,belgian metal
MKTO,pop
Jordan Davis,contemporary country
Deafheaven,atmospheric black metal
Steve Petrunak,acoustic guitar cover
DJ Taye,footwork
Sara Bareilles,pop
City Girls Featuring Cardi B,pop
Waka Flocka Flame Featuring Roscoe Dash & Wale,rap
Cute Is What We Aim For,neon pop punk
Abandoned By Light,british black metal
Rihanna Featuring David Guetta,pop
Sergio Díaz De Rojas,compositional ambient
Max Richter,compositional ambient
Métal Urbain,early french punk
Queen,rock
FX Sleep Creator,asmr
Michael Learns To Rock,boy band
Bobby Timmons,jazz
Shawn Mendes X Zedd,pop
Maren Morris,country
Steven Tyler,modern country rock
Glee Cast Featuring Jonathan Groff,glee club
Jenny Lewis,indie pop
Timbaland Featuring Katy Perry,pop
Arkaea,cyber metal
Caribou,alternative dance
Drake Featuring Future,canadian hip hop
Carolina Chocolate Drops,banjo
Patrick Doyle,soundtrack
Mr. Bill,deep psytrance
Primal Fear,metal
Mindful Behaviour,asmr
The Bahama Soul Club,bboy
Mr. Probz,dutch hip hop
Ayo & Teo,social media pop
Bobo Stenson Trio,jazz
Katy Perry Featuring Nicki Minaj,pop
Kirko Bangz,rap
Bugseed,abstract beats
Phos Toni,electro swing
Gyptian,conscious hip hop
Judas Priest,metal
Zac Efron & Zendaya,hollywood
Rag'n'Bone Man,neo soul
Varien,edm
Rasmus Gozzi,danspunk
Meek Mill Featuring Tory Lanez,rap
Billy Currington,country
Post Malone Featuring Ozzy Osbourne & Travis Scott,rap
The Weeknd Featuring Gesaffelstein,canadian contemporary r&b
Pitbull Featuring G.R.L.,pop
Young Thug Featuring Lil Baby,rap
YFN Lucci Featuring Migos & Trouble,arkansas hip hop
Shreya Ghoshal,desi pop
秋元薫,classic city pop
Destiny Potato,djent
Terje Rypdal,contemporary jazz
3OH!3 Featuring Ke$ha,pop
Cody Johnson,contemporary country
Lisa Lisa & Cult Jam,freestyle
The Polynesians,exotica
Tomppabeats,chillhop
Drake Featuring Kanye West,canadian hip hop
Summer Walker X Drake,pop
Razorlight,rock
Vincent de Moor,trance
Upon A Burning Body,metalcore
Factory Floor,deep gothic post-punk
Russ & BIA,hawaiian hip hop
Lil Yachty,atl hip hop
Tycho,chillwave
Eric Dolphy,jazz
Bobby Brackins Featuring Ray J,cali rap
Lil Jon Featuring Tyga,atl hip hop
Mary J. Blige Featuring Drake,dance pop
Area 42,deep chill
Track Circuit,asmr
Technohead,gabba
Post Malone Featuring Swae Lee,rap
Morbid Angel,metal
Perfume Genius,art pop
Paul Bley,jazz
Camila Cabello,pop
Iggy Azalea Featuring M0,pop
36,ambient
Neon Trees,rock
Visions of Atlantis,austrian metal
Luke Bryan Featuring Karen Fairchild,country
Lil Wyte,country rap
Summer Walker Featuring Jhene Aiko,pop
G-Eazy Featuring Remo,pop
Jennifer Lopez Featuring Pitbull,pop
Rise Against,punk
Steve Hauschildt,ambient
Rascal Flatts Featuring Natasha Bedingfield,country
The Anix,cyberpunk
Le Prince Miiaou,french indie pop
Future & Young Thug Featuring Offset,atl hip hop
The Weeknd Featuring Ed Sheeran,canadian contemporary r&b
Muni Yogi,background music
Bloodgood,christian metal
Jeremih Featuring YG,pop
B.o.B Featuring 2 Chainz,pop
R. Kelly Featuring 2 Chainz,
RL Grime,bass trap
Chris Brown Featuring Benny Benassi,pop
Lillywood & Robin Schulz,french indie pop
"""Weird Al"" Yankovic",comedy rock
Los Acosta,grupera
Steve Aoki & Louis Tomlinson,dance pop
Dzihan & Kamien,electro jazz
Echoes Of Yul,atmospheric post-metal
Kuselofte,russelater
YG Featuring Drake,rap
Lauren Duski,contemporary country
Big Sean Featuring Wiz Khalifa,pop
Darcy Baylis,australian electropop
P!nk Featuring Chris Stapleton,pop
Eminem Featuring Joyner Lucas,detroit hip hop
Slaughterhouse Featuring Eminem,hip hop
John Legend,neo soul
Kudasaibeats,lo-fi beats
Cloud Rat,chaotic hardcore
Marcin Wasilewski Trio,jazz
"2 Chainz Featuring Ty Dolla $ign, Trey Songz & Jhene Aiko",atl hip hop
John Story,calming instrumental
No Return,
Club des Belugas,electro jazz
FLETCHER,pop
Frenship & Emily Warren,electropop
Sheryl Crow,lilith
H.E.R.,r&b
Skrillex Featuring Sirah,brostep
David Guetta Featuring Rihanna,pop
Bastille,metropopolis
"Game Featuring Chris Brown, Tyga, Wiz Khalifa & Lil Wayne",rap
MAX Featuring gnash,pop
The Chainsmokers Featuring Rozes,pop
FBG Duck,chicago drill
Brooke Candy,pop
will.i.am Featuring Justin Bieber,pop
"Mike WiLL Made-It Featuring Miley Cyrus, Wiz Khalifa & Juicy J",atl hip hop
The Poets Of Rhythm,funk
Hans Zimmer,soundtrack
Driicky Graham,north carolina hip hop
Scientist,reggae
The Carters,pop
Voyager,atmosphere
Scooter,eurodance
Tankard,metal
Fred Mollin,disney piano
Al Atkins,birmingham metal
Bobby Shmurda,rap
Pig Destroyer,american grindcore
Quavo Featuring Lil Baby,atl hip hop
Grimes,pop
Trey Songz Featuring Nicki Minaj,pop
Prince,funk
Archspire,brutal death metal
Eminem,detroit hip hop
Rudimental Featuring Ed Sheeran,dance pop
L'Entourloop,french reggae
Dev,dance pop
Blake Shelton Featuring Trace Adkins,country
"Migos, Nicki Minaj & Cardi B",atl hip hop
Mason Ramsey,country
Luke Bryan,country
Doja Cat,pop
窒息,chinese metal
Kodak Black Featuring Travis Scott & Offset,rap
fun. Featuring Janelle Monae,baroque pop
DJ Snake & AlunaGeorge,pop
Mindless Behavior Featuring Diggy,pop r&b
Fitz And The Tantrums,rock
Banda Carnaval,banda
Diddy - Dirty Money Featuring Skylar Grey,hip pop
Capital Cities,metropopolis
Zayn Featuring Sia,pop
Nicki Minaj Featuring Chris Brown,pop
Shontelle,barbadian pop
Charlie Worsham,modern country rock
Swae Lee Featuring Drake,melodic rap
Taetre,gothenburg metal
Diggy Featuring Jeremih,
The Carter Family,folk
Real Friends,emo
Logic Featuring Eminem,rap
Perturbator,cyberpunk
The Weeknd Featuring Daft Punk,canadian contemporary r&b
Black Elk,compositional ambient
JAY-Z,east coast hip hop
Kevin Morby,indie folk
Anamanaguchi,bitpop
Of The Trees,electronic trap
Kenny Wayne Shepherd,rock
Calvin Harris Featuring Frank Ocean & Migos,pop
Yella Beezy,rap
Zhou Long,chinese classical
Steve Holy,country
Chase Rice,country
Jackie Gleason,adult standards
Larry Sparks,bluegrass
"Ke$ha Featuring Lil Wayne, Wiz Khalifa, T.I. & Andre 3000",pop
Hammerhands,atmospheric sludge
Milow,belgian pop
Wham!,disco
Esperanza Spalding,jazz
Rick Ross Featuring Kanye West & Big Sean,rap
Lil Wayne Featuring Cory Gunz,rap
David Guetta Featuring Chris Brown & Lil Wayne,pop
Wynton Kelly,jazz
Lady Gaga,pop
Ghostface Killah,alternative hip hop
Alasdair Roberts,british folk
Asher Roth,rap
Abrasion,autonomous black metal
Meese,denver indie
Arcturus,avant-garde black metal
Christian McBride,jazz trio
Sia Featuring Sean Paul,australian dance
"DJ Snake Featuring Selena Gomez, Ozuna & Cardi B",pop
Agoraphobic Nosebleed,grindcore
Young Money,rap
Naughty Boy Featuring Sam Smith,tropical house
Jungle Rot,brutal death metal
Lazy Hammock,chill lounge
Tegan And Sara,canadian indie
Cage The Elephant,rock
Chris Duke and the Royals,australian ska
2 Chainz Featuring Kanye West,atl hip hop
Diddy - Dirty Money Featuring T.I.,hip pop
Alabama Shakes,rock
The Stills,canadian indie
Buffalo Springfield,rock
Mariah Carey,pop
Kevin Gates,rap
Fir Cone Children,german shoegaze
Max Styler,house
The Weeknd Featuring Kendrick Lamar,canadian contemporary r&b
Panic! At The Disco,modern rock
Attila,atlanta metal
Plies,rap
Harakiri for the Sky,austrian black metal
Fat Joe Featuring Chris Brown,bronx hip hop
Tuomas Rantanen,finnish techno
Charlie Puth,pop
Justin Bieber Featuring Usher,pop
A Boogie Wit da Hoodie Featuring Juice WRLD,rap
KCamp Featuring 2 Chainz,atl hip hop
Flo Rida,pop
Van Halen,rock
Mabel,pop
Taio Cruz Featuring Ke$ha,pop
Los Angeles Azules,gruperas inmortales
IXION,atmospheric doom
Lonnie Brooks,blues
TV Freaks,canadian hardcore
Minotauri,doom metal
Nana Grizol,anti-folk
Trey Songz Featuring Drake,pop
Becky G Featuring Bad Bunny,pop
Queen Naija,pop
Defunk,
Manuel Lauren,
Bayside Worship,ambient worship
Fedel,christian hip hop
NERO,drum and bass
Drake Featuring Birdman,canadian hip hop
Lack Of Afro,afrobeat
Ital Tek,classic dubstep
David Nail Featuring Sarah Buxton,country
Kid Cudi Featuring Kanye West,hip hop
Darius Rucker,country
Spite,deathcore
Nicki Minaj Featuring Ariana Grande,pop
Ne-Yo Featuring Juicy J,pop
Jupiter Grains,atmosphere
Tinie Tempah Featuring Eric Turner,dance pop
Ed Sheeran Featuring Camila Cabello & Cardi B,pop
Post Malone Featuring Ty Dolla $ign,rap
Clueless,future garage
Gibi ASMR,asmr
Justin Timberlake,pop
Tee Grizzley,detroit hip hop
"Tyga Featuring Cedric Gervais, Wiz Khalifa & Mally Mall",dance pop
Obituary,metal
Pitbull Featuring Akon,pop
Seth Gueko,french hip hop
The Swon Brothers,contemporary country
October Light,german ccm
Forward Strategy Group,minimal dub
The Damn Truth,canadian rock
Russell Haswell,british experimental
Piotr Miteska,background music
Sean Kingston Featuring Nicki Minaj,pop
Harry Styles,pop
Kap Kap,finnish indie
Tord Gustavsen Trio,jazz
Seaway,alternative emo
XXXTENTACION Featuring Kanye West & Travis Barker,emo rap
Kiiara,pop
Lee Brice,country
Stormwarrior,german metal
Cascada,bubblegum dance
Beyonce Featuring Nicki Minaj Or Chimamanda Ngozi Adichie,pop
John Mayer,neo mellow
Lil Mosey x Gunna,rap
Julia Michaels,pop
Gold Lounge,chill lounge
Don Omar & Lucenzo,latin
"6ix9ine, Fetty Wap & A Boogie Wit da Hoodie",rap
Armin van Buuren Featuring Trevor Guthrie,trance
Seether,alternative metal
VersaEmerge,candy pop
Howard Goodman,southern gospel
Blood Ages,french death metal
Bad Wolves,metal
Jaron And The Long Road To Love,country
Ycee,afro dancehall
Protohype,dubstep
Nicky Jam & Enrique Iglesias,latin
Deathchain,deathrash
Bayonne,austindie
Jesse McCartney Featuring T-Pain,pop
Peter Broderick,ambient
Alesso Featuring Tove Lo,pop
Hard-FI,rock
Britt Nicole,ccm
Joell Ortiz,alternative hip hop
Sunn 0))),avant-garde metal
Garry Sandhu,desi pop
Justin Bieber Featuring Ludacris,pop
Axis,blackened hardcore
Kenny Chesney Featuring P!nk,country
Rascal Flatts,country
Joey Trap,dark trap
Jessie J,pop
Shakira Featuring Dizzee Rascal,pop
Momentum,neo-crust
Hunter Hayes Featuring Jason Mraz,country
Zomboy,brostep
Trippie Redd Featuring Kodie Shane,rap
Young Thug,rap
The Neighbourhood,modern alternative rock
Badshah,desi hip hop
Katie Noel,country rap
Larz-Kristerz,classic swedish pop
Anthem Lights,ccm
Sage The Gemini Featuring Nick Jonas,dance pop
Taylor Swift Featuring Ed Sheeran & Future,pop
Morgan Wallen,contemporary country
Tove Lo,pop
Ondskapt,black metal
Rae Sremmurd,hip hop
Ballet L'école,ballet class
Timonkey,glitch hop
Olamide,afro dancehall
Sarah Slean,canadian indie
Lil Peep & XXXTENTACION,emo rap
Calvin Harris Featuring Kehlani & Lil Yachty,pop
Alice Merton,
Niall Horan,pop
Rita Ora,pop
Down To The Bone,acid jazz
Post Malone Featuring DaBaby,rap
Misery Index,brutal death metal
Fat Joe & Dre Featuring Eminem & Mary J. Blige,bronx hip hop
Birdman Featuring Lil Wayne & Drake,rap
Tommy James & The Shondells,rock
YBN Nahmir,rap
Panjabi MC,bhangra
"Dreamville Featuring J. Cole, Lute & DaBaby",hip hop
Ludacris Featuring Kelly Rowland,atl hip hop
Lizzo,pop
Eure Mütter,german rock
Harry Belafonte,adult standards
I LOVE MAKONNEN Featuring Drake,atl hip hop
Rixton,pop
Cardi B & Bruno Mars,pop
Malukah,video game music
Zendaya,pop
Kendrick Lamar,conscious hip hop
Trippie Redd Featuring Lil Baby & Lil Duke,rap
Nicky Jam X Ozuna,latin
La Roux,alternative dance
Drake Featuring 21 Savage,canadian hip hop
Rodney Atkins,country
Pegassi,future house
Deathening,gothenburg metal
Kenny Chesney & Tim McGraw,country
Kromestar,classic dubstep
Shiro Schwarz,funk mexicano
PØLI,spanish techno
Afrojack Featuring Chris Brown,big room
The Chainsmokers Featuring Emily Warren,pop
NLE Choppa,memphis hip hop
York,trance
Sass Dragons,chicago punk
Macklemore & Ryan Lewis Featuring Wanz,pop
Lil Wayne Featuring Rick Ross,rap
Les Baxter,adult standards
Astronautalis,abstract hip hop
Freedom Call,german metal
iLoveMemphis,chicago bop
Mika Singh,desi hip hop
Sugluk,canadian psychedelic
The Hush Sound,baroque pop
Abney Park,dark cabaret
Gotye Featuring Kimbra,australian pop
Quavo Featuring 21 Savage,atl hip hop
Flume Featuring Kai,australian dance
Future Featuring Drake,atl hip hop
Owl City & Carly Rae Jepsen,indietronica
Sick Puppies,alternative metal
Calvin Harris Featuring John Newman,pop
K-Drama,christian hip hop
Late,cinematic dubstep
Ariana Grande,pop
Ghost Town DJ's,atlanta bass
Kane Brown,black americana
Chris Young Featuring Vince Gill,country
Broken Social Scene,alternative dance
Fifth Harmony Featuring Kid Ink,pop
Neha Kakkar,desi pop
Edens Edge,contemporary country
Jay-Z + Swizz Beatz,east coast hip hop
Phillip Phillips,folk-pop
Kris Allen,acoustic pop
Snow Patrol Featuring Martha Wainwright,irish rock
Echosmith,dance pop
Cynic,death metal
Nicki Minaj Featuring Beyonce,pop
Nathan Salsburg,american primitive
Inigo Montoya,french indietronica
Tekno,afropop
Idina Menzel,hollywood
The New Rob Van Bavel Trio,dutch jazz
David Guetta Featuring Jennifer Hudson,pop
Fireboy DML,afro dancehall
Bhad Bhabie,pop
Avril Lavigne,pop
Opetaia Foa'i & Lin-Manuel Miranda,
Napalm Death,metal
Meek Mill Featuring Fabolous & Anuel AA,rap
Ornette Coleman,jazz
Pitbull & Ne-Yo,pop
Earl Sweatshirt,alternative hip hop
TM Juke,electronica
SEU Worship,anthem worship
Tyga Featuring Chris Richardson,dance pop
Mary Lou Lord,alternative pop
DJ T.,deep disco house
Endtime Odyssey,belgian metal
The FiNATTiCZ,
Jason Mraz,pop
Eazy-E,rap
Randy Houser,country
The 1975,rock
Lloyd Featuring Andre 3000 & Lil Wayne,pop
Rend Collective,worship
Saib,chillhop
RaeLynn,country
Greensky Bluegrass,bluegrass
Jessie J Featuring 2 Chainz,pop
CAPYAC,austindie
Street Dogs,punk
Eli Keszler,art pop
E.C. Illa,chicago rap
Calypso Rose,calypso
Michael Vincent Waller,minimalism
The Raveonettes,danish alternative rock
5 Seconds Of Summer,pop
Heavee,footwork
Andy Williams,adult standards
Crimson Dawn,epic doom
Tiesto & Dzeko Featuring Preme & Post Malone,pop
Somewhere Off Jazz Street,dark jazz
Marc Kiss,german dance
Trace Adkins,country
Montgomery Gentry,country
Rico Love,pop r&b
Jubin Nautiyal,desi pop
Arijit Singh,desi pop
Lil' Duval Featuring Snoop Dogg & Ball Greezy,florida rap
Foster The People,rock
Sparkly Night,future funk
Demi Lovato,pop
Dave Matthews Band,jam band
Fifth Harmony Featuring Fetty Wap,pop
Offset Featuring Cardi B,atl hip hop
T.I.,rap
Glee Cast Featuring Olivia Newton-John,adult standards
György Ligeti,classical
Quartz,vintage french electronic
Snoop Dogg Featuring The-Dream,rap
Britney Spears & Iggy Azalea,pop
ill.gates,glitch hop
Rhiannon Bannenberg,focus
"Nicki Minaj Featuring Drake, Lil Wayne & Chris Brown",pop
The Living End,australian alternative rock
Skales,afro dancehall
Swutscher,german indie
Duke Dumont,house
Psyanide,greek metal
OneRepublic,pop
Ski Mask The Slump God,miami hip hop
Philip Glass,classical
David Arnold,soundtrack
2 Chainz & Wiz Khalifa,atl hip hop
Crossface,boston hardcore
Brad Paisley,country
Bryce Vine,pop
Mew,danish alternative rock
Giya Kancheli,avant-garde
Danielle Bradbery,country
Ramon Ayala Y Sus Bravos Del Norte,musica mexicana
Kenneth G,dutch house
Android Apartment,future funk
Future Breeze,acid trance
Vicci Martinez,deep talent show
Flo Rida Featuring Sia,pop
Víkingur Ólafsson,classical piano
Hord,cyber metal
Becky G,pop
one sonic society,worship
John Tavener,classical countertenor
Whitney Houston,pop
Waka Flocka Flame Featuring Drake,rap
Empire Of The Sun,alternative dance
Miranda Cosgrove,pop
Tall Black Guy,alternative r&b
Edo. G,alternative hip hop
Waldeck,downtempo
Hot Hot Heat,alternative dance
Brutality,florida death metal
"Kevin Rudolf Featuring Birdman, Jay Sean, & Lil Wayne",dance pop
Ramallah,hardcore
Tipling Rock,boston indie
Chris Brown Featuring Usher & Rick Ross,pop
Emperor,metal
Teni,afropop
Willie Thrasher,canadian indigenous
Ciara Featuring Ludacris,pop
Russell Dickerson,country
Patti Smith,rock
Bazzi,pop
Zedd & Alessia Cara,pop
Kelsea Ballerini,country
Splatinum,glitch hop
Tunes of Negation,uk experimental electronic
The Rival Mob,hardcore
Steve Jablonsky,epicore
Kim English,classic house
Rövballebandet,danspunk
Ant Saunders,chill r&b
K. Michelle,dance pop
Idealism,chillhop
Heavy Metal Perse,finnish heavy metal
Blindside,christian alternative rock
Piero Piccioni,classic soundtrack
Kenny Chesney,country
Meek Mill Featuring Drake,rap
Lance Allen,chill guitar
Hypocrisy,metal
Born Of Osiris,deathcore
Dr Zeus,bhangra
The Palace Guards,deep classic garage rock
ALEX,cyberpunk
Martin Dupont,gothic post-punk
G-Eazy Featuring Yo Gotti & YBN Nahmir,pop
Dawin,nyc pop
Garden of Grief,ambient black metal
French Montana Featuring The Weeknd & Max B,rap
Ray J Featuring Bobby Brackins,pop rap
Rannar Sillard,background music
Pusha T Featuring Kanye West,hip hop
tuXedoo,austrian metal
Joji,alternative r&b
Street to the Ocean,austrian metal
"Lunay, Daddy Yankee & Bad Bunny",latin
DJ Pippi,
LCD Soundsystem,rock
This Way To The Egress,dark cabaret
Marshmello & Bastille,pop
Noel Gallagher's High Flying Birds,rock
Juicy J,rap
Jason Derulo Featuring Snoop Dogg,pop
B.o.B Featuring Bruno Mars,pop
The Chainsmokers & Bebe Rexha,pop
Rich Homie Quan Featuring Problem,atl hip hop
Clay Walker,country
Clean Bandit Featuring Julia Michaels,dance pop
Rick Ross Featuring Jay-Z,rap
Rihanna Featuring Calvin Harris,pop
Missing Andy,essex indie
Murs,abstract hip hop
Kygo x Selena Gomez,pop
Uncle Tupelo,alternative country
Rae Sremmurd Featuring Nicki Minaj & Young Thug,hip hop
Weyes Blood,art pop
Frank Ocean,alternative r&b
Parov Stelar,balkan beats
Millind Gaba,desi pop
Britney Spears Featuring G-Eazy,pop
Andrew McMahon In The Wilderness,hopebeat
The Band Perry,country
Meghan Trainor Featuring John Legend,pop
The Electric Swing Circus,electro swing
French Montana Featuring Nicki Minaj,rap
Empire Cast Featuring Estelle & Jussie Smollett,dance pop
Metro Boomin Featuring Gunna,hip hop
D.R.A.M. Featuring Lil Yachty,alternative r&b
Chon,djent
Kindbergs,dansband
T.I. Featuring Keri Hilson,pop
Deorro,dance pop
Tristan Eckerson,neo-classical
Marcella and The Forget Me Nots,dark cabaret
Arbor Lights,british post-rock
The Unicorns,alternative rock
Ariana Grande & The Weeknd,pop
PSYQUI,kawaii edm
Dead Prez,alternative hip hop
Tonight Alive,candy pop
David Guetta Featuring Justin Bieber,pop
Flo Rida Featuring Jason Derulo,pop
Maroon 5 Featuring Cardi B,pop
Kaleo,icelandic indie
Exposé,freestyle
Easton Corbin,country
Chris Brown Featuring Ludacris,pop
Waka Flocka Flame Featuring Kebo Gotti,rap
Red Rocks Worship,anthem worship
Meek Mill Featuring Kirko Bangz,rap
Kid Ink Featuring Fetty Wap,dance pop
Big Sean,detroit hip hop
Jonas Blue Featuring Dakota,dance pop
Caroline Polachek,pop
Orden Ogan,folk metal
Keith Jarrett,jazz
Scibex,avant-garde black metal
Wale Featuring Jeremih,rap
Thirty Seconds To Mars,rock
Jacquees,pop
Arctic Monkeys,rock
Machine Gun Kelly x Camila Cabello,ohio hip hop
Midnight,metal
Kellie Pickler,country
Zedd Featuring Selena Gomez,pop
Ludacris Featuring Miguel,atl hip hop
Iggy Azalea Featuring Rita Ora,pop
Three Days Grace,alternative metal
Ski Mask The Slump God Featuring Juice WRLD,miami hip hop
Tory Lanez & Rich The Kid,rap
Autopsy,metal
The Who,rock
Roddy Ricch & Gunna,rap
Donatachi,australian electropop
Iyaz Featuring Travie McCoy,dance pop
Andrew Hill,jazz
Papik,italian lounge
Lloyd,pop
My Dying Bride,metal
B.o.B Featuring Trey Songz,pop
Devin Dawson,contemporary country
Yuval Ron,arab folk
Plain White T's,neo mellow
Pitbull Featuring John Ryan,pop
Chris Janson,country
Levellers,brighton indie
Scandroid,cyberpunk
"DJ Khaled Featuring JAY Z, Future & B",pop
Maluma,reggaeton
Rae Sremmurd Featuring Gucci Mane,hip hop
Big Time Rush,pop
Xiaoyong Chen,chinese classical
2 Chainz Featuring Kendrick Lamar,atl hip hop
Walker Hayes,country
XXXTENTACION,emo rap
Epicycle,chicago punk
Józef Gatysik,focus
"Labrinth, Sia & Diplo Present... LSD",australian dance
TK Kravitz Featuring Jacqueez,pop r&b
Tyga,dance pop
Alicia Keys Featuring Nicki Minaj,pop
Project 86,christian alternative rock
88 Fingers Louie,punk
Rae Sremmurd & Juicy J,hip hop
Justin Moore,country
Eluvium,ambient
Rick Ross Featuring Chris Brown,pop
Miguel Featuring Travis Scott,pop
Freddy Todd,glitch hop
Ben Rector,acoustic pop
Josh Thompson,country
Phil Woods,jazz
Milky Chance,german pop
gnash Featuring Olivia O'Brien,pop
Bryson Tiller,pop
General Larry Platt,
Trevor Jackson,uk experimental electronic
Ariana Grande & Nathan Sykes,pop
DJ Khaled Featuring SZA,pop
Kacey Musgraves,contemporary country
Kent Jones,miami hip hop
Lord Of Bass,greek house
Ansome,minimal dub
Yo Gotti Featuring E-40,rap
eli filosov [ p h i l o ],lo-fi beats
Powerwolf,metal
The Monotone Droner,asmr
Chase Bryant,contemporary country
Leon Vynehall,ambient house
Wun Two,chillhop
Akon,dance pop
リアムMAZE1981,
Drake Featuring 2 Chainz & Big Sean,canadian hip hop
Joyner Lucas,boston hip hop
Pitbull Featuring Chris Brown,pop
Drake Featuring 2 Chainz & Young Thug,canadian hip hop
Blac Youngsta,memphis hip hop
Katy Perry Featuring Juicy J,pop
Capstan,alternative emo
T-Pain Featuring Wiz Khalifa & Lily Allen,pop
Daft Punk Featuring Pharrell Williams,electro
Iggy Azalea,pop
Arvo Pärt,classical
Eïs,blackgaze
Love & Light,glitch hop
Disturbed,alternative metal
Wiz Khalifa Featuring The Weeknd,rap
The Avalanches,alternative dance
Sophia Grace,social media pop
Selena Gomez X Marshmello,pop
Lee Morgan,jazz
BTS,k-pop
TeeFLii Featuring 2 Chainz,pop r&b
Eurielle,
Pandrezz,chillhop
T-Pain Featuring Chris Brown,pop
Lil Mosey,rap
Tim O'Neill,
Kendrick Lamar & SZA,conscious hip hop
Darrell Mansfield,christian metal
Felix Da Housecat,acid house
David Guetta Featuring Kid Cudi,pop
Kevin Gates Featuring August Alsina,rap
Gippy Grewal,bhangra
J Balvin & Bad Bunny,reggaeton
New Boyz Featuring Ray J,dance pop
Future,atl hip hop
Makoto,drum and bass
Black Asteroid,dark techno
Jennifer Lopez Featuring Iggy Azalea Or Pitbull,pop
Ariana Grande Featuring Zedd,pop
Birdman Featuring Lil Wayne,rap
Rowland S. Howard,experimental
Atif Aslam,desi pop
Lord Of The Lost,dark rock
Oliver Heldens,house
Mosh36,deep german hip hop
Mann,
LZ7,christian dance
Playboi Carti,atl hip hop
Insanity Alert,austrian metal
Nicki Minaj Featuring Drake & Lil Wayne,pop
Maxwell,contemporary r&b
Dusk,funeral doom
Meek Mill Featuring Rick Ross & JAY-Z,rap
DJ Khaled Featuring Nipsey Hussle & John Legend,pop
Trippie Redd Featuring Juice WRLD & YNW Melly,rap
Future Featuring Rihanna,atl hip hop
Mark Farner,deep christian rock
Uncle Kracker,country
Dayglow,austindie
Big Sean Featuring Chris Brown,detroit hip hop
Chase & Status,dancefloor dnb
Carrie Underwood,country
Taio Cruz Featuring Ludacris,pop
Ludacris Featuring Nicki Minaj,atl hip hop
Nico & Vinz,pop rap
Carpathian Forest,metal
Behexen,atmospheric black metal
Frank White,german alternative rap
Brian Tyler,soundtrack
Pinkfong,cartoon
24kGoldn,cali rap
6ix9ine Featuring Lil Baby,rap
Helene Fischer,schlager
Glitchy & Scratchy,glitch
Rick Ross Featuring Nicki Minaj,rap
Leon Bridges,modern blues
DJ Sanj,bhangra
Lil Wayne,rap
Jay Z Featuring Justin Timberlake,east coast hip hop
The Hold Steady,alternative country
Gehennah,black thrash
Khiza,bhangra
Rage,metal
Chief Keef,chicago bop
The House That Gloria Vanderbilt,chicago punk
Mark Farina,chicago house
Meniscus,post-rock
Austin Mahone,pop
Arkham Witch,lovecraftian metal
Post Malone Featuring Young Thug,rap
Fifth Harmony,pop
Cobra Starship,dance pop
Yusuf / Cat Stevens,rock
Rivstart,danspunk
Alex Clare,modern alternative rock
A$AP Rocky Featuring Skepta,east coast hip hop
Yolta,background music
B.o.B,pop
Desiigner,rap
Big Sean & Metro Boomin Featuring 21 Savage,detroit hip hop
"DJ Khaled Featuring T-Pain, Ludacris, Snoop Dogg & Rick Ross",pop
Khalid & Normani,pop
Power From Hell,black speed metal
Guy Clark,alternative country
WILLOW,pop
Blake Shelton,country
Goat the Head,grisly death metal
The PropheC,desi hip hop
Young Thug Featuring Gunna & Lil Baby,rap
Gucci Mane,rap
Ellie Goulding,pop
Toxik,metal
The Profane,
Mass Hysteria,french metal
Ana Olgica,background music
Cerebral Fix,birmingham metal
Devourment,brutal death metal
Big Sean Featuring Lil Wayne & Jhene Aiko,detroit hip hop
C-Murder,crunk
Mělník Philharmonic Orchestra,calming instrumental
Prince Royce Featuring Snoop Dogg,latin
Murcof,ambient
Kirlian Camera,dark wave
Edguy,metal
Bobby Konders,acid house
Sia,australian dance
Eminem Featuring Ed Sheeran,detroit hip hop
Nicky Jam x J Balvin,latin
Mauro Picotto,trance
Rick Ross Featuring Drake & Chrisette Michele,rap
DJ ESCO Featuring Future & Lil Uzi Vert,trap
Bazzi Featuring Camila Cabello,pop
The Chainsmokers Featuring Kelsea Ballerini,pop
"French Montana Featuring Post Malone, Cardi B & Rvssian",rap
Daniel Caesar Featuring Kali Uchis,r&b
Weather Factory,asmr
Kanye West Featuring Pusha T,rap
Dj Mad Dog,gabba
Kygo X Whitney Houston,pop
Flo Rida Featuring Akon,pop
John Rutter,anglican liturgy
Rod Wave & Kevin Gates,florida rap
Major Lazer Featuring PARTYNEXTDOOR & Nicki Minaj,pop
Bryce Vine Featuring YG,pop
Gary Clark Jr.,blues rock
Wisin Featuring Jennifer Lopez & Ricky Martin,latin
Fergie,pop
Camellia,denpa-kei
Sahlene Williams,atmosphere
DaBaby,north carolina hip hop
Banda Sinaloense MS de Sergio Lizárraga,banda
New Life Worship,worship
Thomas Schumacher,techno
Logic & Marshmello,rap
Mon Cote Punk,french folk pop
Jeremy Warmsley,british singer-songwriter
SwuM,chillhop
Kid Ink Featuring DeJ Loaf,dance pop
Smaxone,cyber metal
Lil Tecca,rap
Travis Porter Featuring Tyga,rap
Thoushaltnot,dark cabaret
Romeo Santos Featuring Nicky Jam & Daddy Yankee,bachata
Disgrace,grim death metal
Jake Owen,country
will.i.am Featuring Mick Jagger & Jennifer Lopez,pop
Rihanna Featuring Jay-Z,pop
Major Lazer Featuring Ellie Goulding & Tarrus Riley,pop
Jenni Rivera,banda
DJ Rashad,footwork
Brian Eno,ambient
Roscoe Dash Featuring Soulja Boy Tell'em,atl hip hop
2 Chainz Featuring Pharrell,atl hip hop
Lil Nas X Featuring Billy Ray Cyrus,lgbtq+ hip hop
Lil Baby Featuring Future,atl hip hop
Nicki Minaj Featuring Lil Wayne,pop
Keri Hilson,pop
Nine Eleven,french hardcore
Post Malone Featuring G-Eazy & YG,rap
Ron Sexsmith,canadian indie
P!nk Featuring Nate Ruess,pop
Samples,glitch hop
YG,rap
Mystic Prophecy,metal
McCafferty,alternative emo
Roger Bäck,danspunk
Luis Fonsi & Demi Lovato,latin
Stefanie Bennett,freestyle
Post Malone,rap
Doro,metal
Tim McGraw Featuring Faith Hill,country
AJJ,acoustic punk
Stutterfly,canadian post-hardcore
Riley Pearce,australian singer-songwriter
Melvin Taylor,blues
Giacinto Scelsi,avant-garde
Damma Beatz,chill beats
Major Lazer Featuring Nyla & Fuse ODG,pop
Valance Drakes,abstract idm
Calvin Harris & Sam Smith,pop
New Years Day,candy pop
Kimaera,atmospheric doom
Lil Skies Featuring Yung Pinch,rap
Efence,chillsynth
Nightstop,cyberpunk
"Enrique Iglesias Featuring Descemer Bueno, Zion & Lennox Or Sean Paul",pop
Hollyridge Strings,easy listening
Jackal,bass trap
"2 Chainz, Drake & Quavo",atl hip hop
Inon Zur,soundtrack
J. Dash,pop rap
Mordkey,future house
Jhene Aiko Featuring Swae Lee Or Rae Sremmurd,r&b
Chris Brown Featuring Nicki Minaj,pop
Fabulae Dramatis,avant-garde metal
Nolwenn Leroy,chanson
Goatwhore,brutal death metal
Toehider,australian metal
Gerardo Ortiz,banda
Lingua Nada,5th wave emo
Ke$ha Featuring 3OH!3,pop
Little Mix,pop
Tyga & Nicki Minaj,dance pop
Lightning Bolt,experimental
Alec Benjamin + Alessia Cara,alt z
A Boogie Wit da Hoodie Featuring 6ix9ine,rap
Miguel Featuring J. Cole,pop
Afrojack Featuring Eva Simons,big room
Sterling Void,chicago house
Florence + The Machine,pop
J. Cole Featuring Miguel,conscious hip hop
Slowpop,
John Cage,classical
Alice Coltrane,jazz
GOBLIN KING,"""death n roll"""
Offset & Metro Boomin,atl hip hop
Nick Jonas,pop
Tame Impala,australian psych
The Wanted,pop
Dan + Shay & Justin Bieber,country
Pavvan,desi pop
West Norwood Cassette Library,float house
Trampa,dubstep
Jason Aldean With Luke Bryan & Eric Church,country
The Queers,punk
Moneybagg Yo X Megan Thee Stallon,hip hop
Luke Combs,country
Blood Region,finnish heavy metal
Graveland,black metal
Craig Campbell,country
Madonna Featuring Nicki Minaj & M.I.A.,pop
Dwarves,punk
Kygo Featuring Conrad,pop
Missy Elliott Featuring Lamb,pop
dj funk,chicago house
"DJ Khaled Featuring Drake, Rick Ross & Lil Wayne",pop
Kungs vs Cookin' On 3 Burners,edm
A Boogie Wit da Hoodie Featuring Kodak Black,rap
Enrique Iglesias Featuring Pitbull,pop
Adam Levine & Javier Colon,deep talent show
Bethel Music,worship
Swingrowers,electro swing
Stelvio Cipriani,classic soundtrack
Liquid Stranger,brostep
GONZO,melbourne indie
Marc E. Bassy Featuring G-Eazy,pop
Wale Featuring Miguel,rap
Blueface & Rich The Kid,cali rap
Should,dream pop
DJ Nate,
Charles Lloyd,jazz
Miley Cyrus,pop
Justin Timberlake Featuring JAY Z,pop
David Guetta Featuring Flo Rida & Nicki Minaj,pop
ConsciousThoughts,future funk
David Guetta Featuring Taio Cruz & Ludacris,pop
Left Boy,austrian pop
Ace Hood,rap
Famous Dex Featuring A$AP Rocky,rap
Miranda Lambert,country
Angus Black,finnish doom metal
Nicki Minaj Featuring Drake,pop
New Boyz Featuring Iyaz,dance pop
Saweetie,pop
Major Lazer & DJ Snake Featuring MO,pop
Grouper,ambient
Mary J. Blige,dance pop
Elle King,modern blues rock
Jessie Ware,pop
The Weeknd & Kendrick Lamar,canadian contemporary r&b
Juicy J Featuring Lil Wayne & 2 Chainz,rap
Sandy Rivera,house
Jacob Sartorius,social media pop
The Books,art pop
Attila Fias,christmas instrumental
Oppenheimer Analysis,grave wave
Bag Raiders,alternative dance
Lock Up,birmingham metal
Nguyên Lê,french jazz
Bobby Hutcherson,jazz
Fifth Harmony Featuring Ty Dolla $ign,pop
Maroon 5 Featuring SZA,pop
Flo Rida Featuring Robin Thicke & Verdine White,pop
Thom Yorke,art pop
Big & Rich,country
COOLRUNNINGS,indie dream pop
Moksi,bass house
Craig Morgan,country
SadDoLLs,greek metal
Tim McGraw With Catherine Dunn,country
Powerslut,boston indie
Maribou State,electronica
Chris Brown Featuring Aaliyah,pop
Paramore,candy pop
Megan Thee Stallion,pop
21 Savage & Metro Boomin Featuring Future,atl hip hop
"DJ Khaled Featuring Nicki Minaj, Chris Brown, August Alsina, Jeremih, Future & Rick Ross",pop
John Legend Featuring Ludacris,neo soul
NF,rap
Sepultura,metal
Breathe Carolina,electropowerpop
fantompower,chillhop
Yo Gotti Featuring Lil Baby,rap
Vantage,future funk
Gucci Mane Featuring Usher,rap
"Major Lazer Featuring Bruno Mars, Tyga & Mystic",pop
matchbox twenty,neo mellow
Lupe Fiasco Featuring Ed Sheeran,rap
Sid Sriram,filmi
Battlerage,chilean metal
Lil Baby Featuring Gunna & Lil Uzi Vert,atl hip hop
Kerion,french metal
Ed Sheeran & Travis Scott,pop
Bill Evans,jazz
Future Featuring Travis Scott,atl hip hop
Dan + Shay,country
Ariana Grande Featuring Mac Miller,pop
Olly Murs Featuring Flo Rida,pop
Banda El Recodo,banda
Brad Paisley Duet With Carrie Underwood,country
MC Kekel,funk carioca
Movements,emo
LEISURE,auckland indie
Knowmadic,chillhop
Avicii Featuring Aloe Blacc,pop
Lil Baby & Gunna,atl hip hop
The London Suede,britpop
Bill Monroe,bluegrass
The Once,canadian folk
A$AP Rocky Featuring Moby,east coast hip hop
Zlatan,afropop
R. Stevie Moore,experimental
Daughtry,alternative metal
Martyn,classic dubstep
The Music Tapes,elephant 6
Chris Brown Featuring Drake,pop
Natalie La Rose Featuring Jeremih,
Chris Lorenzo,house
YG Featuring Jeezy & Rich Homie Quan,rap
Jay Z Kanye West,east coast hip hop
Grupo Jalado,cumbia sonidera
Alicia Keys,pop
Anti-System,anarcho-punk
Gouryella,trance
Sachin-Jigar,desi pop
Becky G + Natti Natasha,pop
Cheat Codes Featuring Demi Lovato,pop
lovelytheband,rock
Apoptygma Berzerk,aggrotech
Joe Pass,jazz
Harris Cole,chillhop
Bane,hardcore
Mount Kimbie,chillwave
"Macklemore & Ryan Lewis Featuring Eric Nally, Melle Mel, Kool Moe Dee & Grandmaster Caz",pop
Endymion,gabba
Not Half Bad,acoustic punk
Michel LeBond,atmosphere
ScHoolboy Q Featuring BJ The Chicago Kid,rap
Jamie Foxx Featuring Drake,contemporary r&b
Robert Cray,blues
Migos Featuring Post Malone,atl hip hop
Mustard & Migos,rap
Selena Gomez Featuring A$AP Rocky,pop
Everydayz,abstract beats
The Lacs,country rap
The Modern Age Slavery,deathcore
"Jay Rock, Kendrick Lamar, Future & James Blake",conscious hip hop
Emblem3,post-teen pop
Brittany Howard,black americana
Flake Music,
Hey Violet,pop
GoldLink Featuring Brent Faiyaz & Shy Glizzy,r&b
Louis Tomlinson Featuring Bebe Rexha & Digital Farm Animals,pop
Steel Magnolia,country dawn
Bali Bandits,dutch edm
Lantlôs,atmospheric black metal
Trippie Redd,rap
Cameron DeLuca,atmosphere
Trio Elf,dark jazz
Trippie Redd Featuring Juice WRLD,rap
Brownout,bboy
Datsik,breakbeat
Weezer,rock
Ahmad Jamal Trio,jazz
Pia Mia Featuring Chris Brown & Tyga,pop
Love Sees No Color,frankfurt indie
Havana Brown Featuring Pitbull,australian dance
DJ Khaled Featuring Kanye West & Rick Ross,pop
Ozuna & Romeo Santos,latin
Joe Bonamassa,blues rock
Beyonce Featuring Lady Gaga,pop
Leather Chalice,blackened crust
Kurt Elling,jazz
Blasfemia,chilean black metal
The Moonlandingz,chamber psych
Swing Republic,electro swing
Logic,rap
RŮDE,japanese chillhop
Freddie Hubbard,jazz
Tamar Braxton,r&b
Michalis Koumbios,bouzouki
Offset,atl hip hop
David Rovics,folk punk
Van William,alternative americana
Marshmello Featuring Khalid,pop
Marshmello & Anne-Marie,pop
Underoath,metalcore
Kreator,metal
Harold Burrage,chicago soul
"Yella Beezy, Gucci Mane & Quavo",rap
Loren Allred,deep talent show
Sons of Freedom,canadian indie
"Chris Brown Featuring Yo Gotti, A Boogie Wit da Hoodie & Kodak Black",pop
Casey James,idol
Bad Bunny & Tainy,latin
Dennis Ferrer,house
C Bank feat. Diamond Eyes,freestyle
Big D and the Kids Table,ska
Wiz Khalifa Featuring Charlie Puth,rap
Fit For An Autopsy,deathcore
BTS Featuring Halsey,k-pop
Mayday Parade,neon pop punk
Alexandre Navarro,abstract
ODESZA,chillwave
Jay Z Kanye West Featuring Otis Redding,east coast hip hop
Wayne Shorter,jazz
Sharry Mann,desi pop
Def Cut,
Death,metal
Jawad Ahmad,classic pakistani pop
Sodré,funk carioca
Zara Larsson,pop
Usher Featuring Young Thug,atl hip hop
Soul Extract,future rock
Mary Mary,gospel
Robin Thicke Featuring Kendrick Lamar,contemporary r&b
Chris Brown,pop
Joseph Sullinger,acoustic guitar cover
Troop 41,north carolina hip hop
Sleepy Dogs,pet calming
Khotin,ambient house
Flosstradamus,bass trap
Amaranthe,gothic symphonic metal
2 Chainz Featuring YG & Offset,atl hip hop
Paul Johnson,chicago house
Rule 22,chicago punk
Los Huracanes del Norte,musica mexicana
Lord Kitchener,calypso
Van Canto,comic metal
DaniLeigh Featuring Chris Brown,pop
Britney Spears,pop
The Cross Movement,christian hip hop
Anthony Linell,minimal dub
Jeff Lewis,anti-folk
ScHoolboy Q + Travis Scott,rap
Austin Mahone Featuring Pitbull,pop
Big Thief,art pop
Maroon 5,pop
Belmont,alternative emo
Katy Perry Featuring Migos,pop
Eli Young Band,country
Mcrackins,canadian pop punk
Tyga Featuring Rick Ross,dance pop
"DJ Khaled Featuring Rick Ross, Plies, Lil Wayne & T-Pain",pop
La Arrolladora Banda El Limón De Rene Camacho,banda
Alex Christensen,german pop
Bear McCreary,soundtrack
French Montana Featuring Drake,rap
Wes Leslie,bedroom soul
William Onyeabor,afrobeat
Synestesia,finnish melodeath
J.B.O.,comic
Vorssenn,asmr
MC HotDog,mandopop
Vicente Fernández,mariachi
Driveways,anthem emo
Snoop Dogg & Wiz Khalifa Featuring Bruno Mars,rap
Demi Lovato Featuring Cher Lloyd,pop
Drake Featuring Quavo & Travis Scott,canadian hip hop
Night Tempo,denpa-kei
Aaron Smith,chicago house
Aerocity,chillstep
Wale Featuring Jeremih & Rick Ross,rap
A$AP Ferg Featuring Nicki Minaj,rap
D.O.A.,punk
"Future Featuring Pharrell, Pusha T & Casino",atl hip hop
CASTLEBEAT,bedroom pop
FM LAETI,french indie pop
P!nk Featuring Lily Allen,pop
Pitbull Featuring Marc Anthony,pop
Noisestorm,edm
Iggy Azalea Featuring Jennifer Hudson,pop
Alisan Porter,deep talent show
will.i.am & Nicki Minaj,pop
Yeasayer,alternative dance
Hot Chelle Rae Featuring New Boyz,pop
Halsey Featuring Big Sean & Stefflon Don,pop
Jeremih Featuring 50 Cent,pop
The Chainsmokers Featuring 5 Seconds Of Summer,pop
Brantley Gilbert,country
Adekunle Gold,afropop
TroyBoi,bass trap
Flight Facilities,alternative dance
Invincible Force,chilean black metal
Future Featuring Kanye West,atl hip hop
Charles Ives,classical
Broadway For Orlando,
Sidhu Moose Wala,desi hip hop
Dierks Bentley,country
Robin Thicke,contemporary r&b
"DJ Khaled Featuring Justin Bieber, Chance The Rapper & Quavo",pop
Heavy Heavy Low Low,american metalcore
Lindsey Pavao,deep talent show
Janelle Monae & Jidenna,pop
Major Lazer Featuring Justin Bieber & MO,pop
Jason Aldean,country
Necrocurse,grisly death metal
"Machine Gun Kelly, X Ambassadors & Bebe Rexha",ohio hip hop
Graham Coxon,britpop
Logical Terror,cyber metal
Liam Payne & Rita Ora,pop
Young Thug Featuring Lil Uzi Vert,rap
Diana Krall,adult standards
Fort Knox Five,bboy
Drake & Future,canadian hip hop
S.dot,chicago drill
Rod Wave,florida rap
Barcelona Atmosphere,atmosphere
Daniel Caesar Featuring H.E.R.,r&b
6ix9ine Featuring Nicki Minaj & Murda Beatz,rap
2 Chainz x Gucci Mane x Quavo,atl hip hop
Jennifer Lopez Featuring Lil Wayne,pop
DaBaby Featuring Lil Baby & Moneybagg Yo,north carolina hip hop
Dub Inc.,french reggae
Konkhra,danish metal
Taio Cruz,pop
Trey Songz Featuring Fabolous,pop
Rich The Kid,atl hip hop
The Acacia Strain,deathcore
Grupo Los Kiero de Edgar Zacary,cumbia sonidera
Tank,r&b
Television,alternative rock
Enrique Iglesias Featuring Sammy Adams,pop
Have A Nice Life,art pop
"Kanye West, Jay-Z, Big Sean",rap
Vijay Prakash,filmi
Cassandra Wilson,contemporary vocal jazz
Jesse McCartney,pop
Cattle Decapitation,grindcore
Katy Perry Featuring Snoop Dogg,pop
2WEI,epicore
Chris Lane,country
The New Roses,alternative roots rock
Narrow House,atmospheric doom
6ix9ine,rap
Florida Georgia Line Featuring Nelly,country
Dan Mason ダン·メイソン,chillsynth
Navv Inder,desi hip hop
Andy Grammer,pop
Spiritbox,canadian metalcore
Nelly,rap
Dierks Bentley Featuring Brothers Osborne,country
Avril Lavigne Featuring Chad Kroeger,pop
Birdman Featuring Nicki Minaj & Lil Wayne,rap
Maroon 5 Featuring Wiz Khalifa,pop
Meditation Music Masters,background music
Nymano,chillhop
John Summit,house
Ludacris Featuring Trey Songz,atl hip hop
Crazy Daylight,glitch hop
LunchMoney Lewis,miami hip hop
Tim Hecker,experimental
YK Osiris,melodic rap
Lil Jon,atl hip hop
B.o.B Featuring Priscilla,pop
Spitback,greek metal
Bela Nemeth,focus
Lin-Manuel Miranda Featuring Artists For Puerto Rico,hollywood
Los Telez,cumbia sonidera
Réka Ioescu,background music
Satanika,black thrash
Naira Marley,afro dancehall
Sevyn Streeter Featuring Chris Brown,pop
Slaughter to Prevail,russian metal
Roddy Ricch Featuring A Boogie Wit da Hoodie,rap
John Surman,accordion
Kanye West & Lil Pump,rap
XXXTENTACION x Lil Pump Featuring Maluma & Swae Lee,emo rap
Breaking Benjamin,alternative metal
Kreayshawn,escape room
Mos Def,alternative hip hop
Katy Perry Featuring Skip Marley,pop
The Wood Brothers,deep new americana
Lil Wayne Featuring Kendrick Lamar,rap
Nocturnal Depression,atmospheric black metal
Daya,pop
Opus Finis,grave wave
K Camp,atl hip hop
Idina Menzel & AURORA,hollywood
Jazz Juice,nu jazz
Helllight,brazilian doom metal
John Kane,"""australian childrens music"""
Hitch & Go,canadian pop punk
Charlie Puth Featuring Selena Gomez,pop
Golden Resurrection,christian metal
Jay Z Featuring Rick Ross,east coast hip hop
Blind Willie Johnson,blues
The Killers,rock
Lorde,pop
Alcest,atmospheric black metal
Miss May I,deathcore
The Chainsmokers Featuring Phoebe Ryan,pop
Big Sean Featuring Nicki Minaj,detroit hip hop
Pusha T Kanye West,hip hop
Drake Featuring Lil Wayne,canadian hip hop
I-Roy,reggae
Lupe Fiasco Featuring Trey Songz,rap
Lil Baby,atl hip hop
Young Money Featuring Drake,rap
Morgan Wallen Featuring Florida Georgia Line,contemporary country
Breakbot,alternative dance
SZA Featuring Travis Scott,pop
Taio Cruz Featuring Travie McCoy,pop
Alex Cortiz,chill lounge
"Chunk! No, Captain Chunk!",anthem emo
"Farruko, Nicki Minaj, Bad Bunny, 21 Savage & Rvssian",latin
PSY,k-pop
Pitbull Featuring T-Pain,pop
Silk City x Dua Lipa,edm
ICC,cumbia sonidera
Punch Brothers,bluegrass
"DJ Khaled Featuring Chris Brown, Lil Wayne & Big Sean",pop
Zac Brown Band,country
Meek Mill Featuring Chris Brown & Nicki Minaj,rap
Krzysztof Penderecki,classical
"Kanye West, Gucci Mane, Big Sean, 2 Chainz, Travi$ Scott, Yo Gotti, Quavo, Desiigner",rap
Lauren Daigle,ccm
Michael Finnissy,21st century classical
Eric Bibb,blues
Apulanta,finnish alternative rock
Barrio Jazz Gang,italian lounge
Aron Risa,background piano
DJ Sakin,bubble trance
Hildur Guðnadóttir,cello
Young The Giant,rock
Marcus Miller,electric bass
Calvin Harris Featuring Ayah Marar,pop
Travis Porter,rap
Y2K & bbno$,pop rap
I Prevail,nu-metalcore
Eptic,dubstep
Marshmello Featuring CHVRCHES,pop
Dean Blunt,art pop
Decapitated,metal
The Gates Of Slumber,doom metal
Tha Playah,gabba
Kehlani Featuring Ty Dolla $ign,pop
Kirk Franklin,gospel
Langhorne Slim,anti-folk
Granger Smith,country
Black Debbath,norwegian doom metal
Tranquil Cove,atmosphere
Wolfgang Haffner,german jazz
Tourist,chillwave
Avenged Sevenfold,alternative metal
Dabin,edm
Sawyer Fredericks,deep talent show
STRFKR,chillwave
Gwyneth Paltrow,
Volumes,metalcore
Warcollapse,crust punk
Gucci Mane & Nicki Minaj,rap
"Young Thug, J. Cole & Travis Scott",rap
ScHoolboy Q Featuring Kanye West,rap
Lil Skies Featuring Landon Cube,rap
Eat Your Heart Out,pixie
William Michael Morgan,contemporary country
Lil Nas X & Cardi B,lgbtq+ hip hop
Thad Jones,jazz
Zac Brown Band Featuring Jimmy Buffett,country
T-Pain Featuring Rick Ross,pop
Peter Sandberg,compositional ambient
Dr. Dre Featuring Snoop Dogg & Akon,rap
Solefald,avant-garde black metal
A Boogie Wit da Hoodie Featuring DJ SPINKING,rap
Jennifer Lopez,pop
Blunt Instrument,glitch hop
Ella Mai,pop
Clear Light,classic garage rock
Quavo Featuring Travis Scott,atl hip hop
Devin Townsend Project,avant-garde metal
Pat Metheny,jazz
Millionaire,belgian rock
Love And Theft,country
Florida Georgia Line Featuring Backstreet Boys,country
21 Savage & Metro Boomin,atl hip hop
Migos Featuring Lil Uzi Vert,atl hip hop
Macklemore Featuring Skylar Grey,pop rap
The Weeknd,canadian contemporary r&b
Enrique Iglesias Featuring Juan Luis Guerra,pop
Jay Sean Featuring Pitbull,dance pop
6ix9ine Featuring Tory Lanez,rap
Snow Patrol,irish rock
A$AP Rocky Featuring ScHoolboy Q,east coast hip hop
Dayne S,german house
Wisin Featuring Ozuna,latin
Chris Brown Featuring Lil Wayne & French Montana Or Too $hort Or Tyga,pop
Coldplay Featuring Rihanna,permanent wave
De-Phazz,downtempo
Chief State,anthem emo
The Souljazz Orchestra,funk
6ix9ine Featuring Bobby Shmurda,rap
Popeska,filthstep
Abhi The Nomad,desi hip hop
"Beyonce, SAINt JHN & Wizkid Featuring Blue Ivy Carter",kids hip hop
Cal Tjader,jazz
Roza Terenzi,australian house
Liam Payne Featuring Quavo,pop
Blackberry Smoke,rock
SoMo,pop
Cannibal Corpse,metal
Stephen Malkmus,alternative rock
Iron Savior,metal
Tay-K,rap
Young Money Featuring Gucci Mane,rap
Young Greatness,new orleans rap
O.T. Genasis,rap
Dennis Lloyd,israeli pop
Ghoul,crossover thrash
After The Burial,metalcore
747,acid techno
mommy,chillhop
Post Malone Featuring Quavo,rap
The Mighty Mighty Bosstones,punk
Christina Aguilera,pop
Parmalee,country
Bridgit Mendler,pop
Jlin,afrofuturism
Passion Pit,alternative dance
Jingo De Lunch,german punk
Pistol Annies,country
U2,rock
Dr. Know,punk
Kendrick Lamar Featuring Drake,conscious hip hop
50 Cent Featuring Ne-Yo,east coast hip hop
A Boogie Wit da Hoodie,rap
BlocBoy JB Featuring Drake,memphis hip hop
Do,dutch pop
Kane Brown Featuring Lauren Alaina,black americana
La Sonora Dinamita,cumbia
Extreme Noise Terror,grindcore
Tyga Featuring Offset,dance pop
Jan Hegenberg,german rock
Sleep On It,anthem emo
DJ Khaled Featuring Drake,pop
Arianna Featuring Pitbull,
Two Steps from Hell,soundtrack
Lorne Balfe,soundtrack
Emerging from the Cocoon,melodic deathcore
Sean Slaughter,gospel rap
Rick Ross Featuring Styles P,rap
Ace Hood Featuring Future & Rick Ross,rap
Yaeji,art pop
Sofie Svensson,danspunk
Charles Mingus,jazz
Marc Mac,broken beat
New Boyz Featuring Chris Brown,dance pop
Nicki Minaj X Mike WiLL Made-It,pop
Jackie McLean,jazz
Black Thought,alternative hip hop
Dying Fetus,brutal death metal
Swedish House Mafia,edm
Bondax,future garage
Dillon Francis & DJ Snake,house
Fakkboiz,fotbollslatar
The Entrainment,asmr
of Montreal,alternative dance
Gloriana,country
Martin Phipps,soundtrack
DJ Paul Elstak,gabba
Zayn Featuring PARTYNEXTDOOR,pop
Lil Dicky Featuring Chris Brown,rap
Lauv,pop
Helhorse,danish metal
DeJ Loaf Featuring Big Sean,detroit hip hop
Snootie Wild Featuring K Camp,memphis hip hop
Billie Eilish,pop
Phoenix,alternative dance
Geoff Zanelli,epicore
Julie Lamontagne Trio,canadian modern jazz
Ran Slavin,abstract
Lisa Harris,ballet class
Muntah Kawat,indonesian death metal
AS IT IS,modern rock
Cantoma,chill lounge
Adam Lambert,pop
T.I. Featuring Eminem,rap
Silverstein,canadian post-hardcore
Everyone Says,chicago pop punk
Charlie Puth Featuring Kehlani,pop
Freedom Dub,coverchill
Laura Fygi,adult standards
Glee Cast Featuring 2Cellos,glee club
Blue Mitchell,jazz
Aura Noir,black death
Jai Paul,indie soul
Anaal Nathrakh,metal
The Pirouettes,electro-pop francais
Justin Bieber Featuring Halsey,pop
French Montana,rap
Gym Class Heroes Featuring Adam Levine,dance pop
Barefoot Jerry,country rock
Ed Sheeran Featuring Khalid,pop
Labh Janjua,filmi
Barbatos,"""black n roll"""
2 Chainz Featuring Drake,atl hip hop
T.I. Featuring Young Thug,rap
Karma Violens,greek black metal
75 Dollar Bill,brooklyn indie
//Tense//,grave wave
The House of Love,britpop
Jakob Bro,contemporary jazz
Oscar Peterson,jazz
Trey Songz Featuring T.I.,pop
"FUCK ART, LET'S DANCE!",german indie rock
3OH!3,pop
Reel People,broken beat
A Winged Victory for the Sullen,ambient
Tones And I,pop
Bayside,emo
Coldplay,permanent wave
U.D.O.,metal
BTS Featuring Desiigner,k-pop
Michael Jackson Duet With Akon,pop
G-Eazy Featuring Marc E. Bassy,pop
Anime,dark hardcore
Jidenna Featuring Roman GianArthur,ghanaian hip hop
Logic Featuring Alessia Cara & Khalid,rap
Thomas Rhett,country
David Guetta Featuring Nicki Minaj,pop
Skrillex & Rick Ross,brostep
Tory Lanez,rap
The Bobby Fuller Four,brill building pop
Incognito,brit funk
2 Chainz Featuring Ariana Grande,atl hip hop
Enbilulugugal,black noise
TootArd,arab alternative
"21 Savage, Offset & Metro Boomin Featuring Quavo",atl hip hop
Sunny Sweeney,country
György Kurtág,avant-garde
Whipstriker,"""black n roll"""
Clean Bandit Featuring Jess Glynne,dance pop
Dean Lewis,pop
Taylor Swift Featuring Kendrick Lamar,pop
Pagandom,gothenburg metal
Weekend Nachos,chaotic hardcore
Ronnie Dunn,country
Nick Jonas Featuring Tove Lo,pop
NAV Featuring Meek Mill,trap
Ambjaay,cali rap
"Ross Lynch, Grace Phipps And Jason Evigan",pop
Hong Kong Atmosphere,
Settle Your Scores,anthem emo
Craft,atmospheric black metal
Engelwood,chillhop
Pat The Bunny,acoustic punk
ASMR Fan Sounds,asmr
PARTYNEXTDOOR,rap
Pim Miles,atmosphere
Empire Cast Featuring Jussie Smollett & Yazz,dance pop
Seekae,ambient idm
Tropkillaz,afrofuturismo brasileiro
Unholy,finnish doom metal
Erik Satie,classical
Electric Wizard,doom metal
LOCASH,contemporary country
Tim McGraw & Faith Hill,country
Brad Paisley Featuring Alabama,country
Baauer,bass trap
Pitbull x El Chombo x Karol G Featuring Cutty Ranks,pop
Lee DeWyze,acoustic pop
Vices I Admire,denver indie
Eric Paslay,contemporary country
Juice WRLD,chicago rap
"Wale Featuring Rick Ross, Meek Mill & T-Pain",rap
"Jhay Cortez, J Balvin & Bad Bunny",latin
POCAH,funk carioca
Corey Voss,anthem worship
Brad Mehldau Trio,jazz
Meek Mill Featuring Chris Brown & Ty Dolla $ign,rap
TOBIAS LARSSON BAND,danspunk
Katy Perry,pop
Kygo & Imagine Dragons,pop
DJ Snake Featuring Justin Bieber,pop
Blake Shelton Featuring Pistol Annies & Friends,country
Jennifer Lopez Featuring DJ Khaled & Cardi B,pop
Camila Cabello Featuring Young Thug,pop
Cate le Bon,art pop
Chris Brown Featuring Gunna,pop
6LACK Featuring J. Cole,r&b
Cardi B Featuring Kehlani,pop
"21 Savage, Offset & Metro Boomin",atl hip hop
Nature Recordings,rain
"Jessie J, Ariana Grande & Nicki Minaj",pop
Marsha Ambrosius,british soul
Young Money Featuring Lloyd,rap
Remute,deep minimal techno
Chris Lane Featuring Tori Kelly,country
3D Stas,future rock
Blue Daisy,experimental hip hop
Sean Kingston Featuring Chris Brown & Wiz Khalifa,pop
Das Ding,dutch experimental electronic
Rihanna Featuring Chris Brown,pop
Lil Wayne Featuring Nicki Minaj,rap
Mark Ronson Featuring Bruno Mars,pop
Shakira Featuring Maluma,pop
Burl Ives,adult standards
Oliver Davis,british contemporary classical
Plini,djent
La Féline,electro-pop francais
Victorious Cast Featuring Victoria Justice,dance pop
Emmure,metalcore
Daigo Hanada,background piano
Gucci Mane Featuring Drake,rap
for KING & COUNTRY,ccm
Ad Inferos,colombian black metal
Cash Cash Featuring Bebe Rexha,pop
The Game Featuring Jeremih,rap
American Authors,rock
Flageladör,brazilian death metal
Zayn,pop
Yellowman,reggae
Monte La Rue,chill lounge
Necrophagia,brutal death metal
Ariel Camacho y Los Plebes Del Rancho,corrido
Artist Vs Poet,alternative pop rock
P!nk,pop
Brad Mehldau,jazz
Marco Antonio Solís,latin
Wale Featuring Sam Dew,rap
Keyshia Cole Featuring Lil Wayne,pop
"benny blanco, Halsey & Khalid",pop
Ke$ha Featuring will.i.am Or Juicy J,pop
Eminem Featuring Royce Da 5'9,detroit hip hop
Imperador Belial,brazilian black metal
The Stooges,rock
Ave Air,background music
David Guetta Featuring Sia & Fetty Wap,pop
Lonewolf,french metal
Crywolf,chillstep
Belphegor,metal
Ottawa,cleveland indie
Grupo G,cumbia
J. Cole Featuring Missy Elliott,conscious hip hop
Selena Gomez & The Scene,pop
Snail's House,future bass
Quavo & Lil Yachty,rap
Robert Armani,acid house
J. Cole,conscious hip hop
Blake Shelton Featuring Gwen Sebastian,country
Jay-Z + Mr. Hudson,east coast hip hop
G Sidhu,bhangra
Lil Nas X,lgbtq+ hip hop
Usher,atl hip hop
Garrett Hedlund & Leighton Meester,country
Pulsedriver,eurodance
Bost & Bim,french reggae
Christina Grimmie,post-teen pop
6ix9ine Featuring Nicki Minaj & Kanye West,rap
Grand Magus,doom metal
Greta Van Fleet,rock
Kristen Bell & Idina Menzel,disney
Woo,british experimental
AWOLNATION,rock
Young Thug And Travis Scott Featuring Quavo,rap
Ben Frost,australian experimental
Nohidea,chillhop
Afrojack,big room
Hozier,irish singer-songwriter
Drake Featuring Rihanna,canadian hip hop
Godflesh,birmingham metal
Benediction,metal
"SZA, The Weeknd & Travis Scott",pop
Dae Dae,atl hip hop
Textures,djent
Adam Wakefield,country pop
Frankie Ballard,country
Ebb & Flod,background music
Trinidad James,atl hip hop
R. City Featuring Adam Levine,reggae fusion
Marduk,metal
Ya Levis,
"French Montana Featuring Rick Ross, Drake, Lil Wayne",rap
The Okee Dokee Brothers,banjo
Train Featuring Ashley Monroe,pop
Adele,pop
Le Réparateur,french punk
Beyonce Featuring The Weeknd,pop
Ariel Kelly,latin christian
The Chainsmokers Featuring XYLO,pop
Chris Brown Featuring Usher & Gucci Mane,pop
Iron Heade,
"Dove Cameron, Cameron Boyce, Booboo Stewart & Sofia Carson",pop
Matt Stell,arkansas country
The KVB,chamber psych
Belle Margaux,background music
DJ Khaled Featuring Cardi B & 21 Savage,pop
Disaster,chilean metal
LMFAO Featuring Lil Jon,dance pop
Pitbull Featuring Christina Aguilera,pop
VibeSquaD,downtempo bass
Icona Pop Featuring Charli XCX,pop
Nebra,atmospheric post-metal
Clean Bandit Featuring Demi Lovato,dance pop
Fresh Life Worship,anthem worship
Rich Homie Quan,atl hip hop
Taylor Swift,pop
Jon Pardi,country
Prince Royce,latin
Clint Mansell,soundtrack
Rob Thomas,acoustic pop
The Script Featuring will.i.am,celtic rock
Boys of Fall,anthem emo
Rachel Platten,pop
Kings Of Leon,rock
Venom Inc.,"""black n roll"""
DaBaby Featuring Offset,north carolina hip hop
Pitbull Featuring Flo Rida & LunchMoney Lewis,pop
Deerhunter,alternative dance
Carpenter Brut,cyberpunk
Soulja Boy Tell'em,rap
K'Naan Featuring Nelly Furtado,reggae fusion
Meghan Trainor,pop
Black V Neck,bass house
Shakira,pop
Getter,brostep
Clap Your Hands Say Yeah,alternative dance
The Script,celtic rock
Danakil,electro dub
David Guetta & Chris Willis Featuring Fergie & LMFAO,pop
Joyner Lucas Featuring Logic,boston hip hop
Accept,metal
Yo Gotti Featuring Lil Wayne,rap
Drake Featuring WizKid & Kyla,canadian hip hop
Slaine,boston hip hop
The 2 Inversions,focus
Sara Evans,country
Memorain,greek metal
Goldie,
Rishi Rich,bhangra
Barren Cross,christian metal
Foo Fighters,rock
Anthelion,deep symphonic black metal
ohbliv,abstract beats
Silent Knight,australian metal
Blue Stahli,cyberpunk
Gym Class Heroes Featuring Ryan Tedder,dance pop
Martin Garrix Featuring Macklemore & Patrick Stump,pop
Aloe Blacc,pop soul
Joshua Redman,jazz
Julius Aston,background music
A$AP Ferg Featuring Future,rap
Black Book Lodge,danish metal
Stella Donnelly,australian singer-songwriter
Barns Courtney,rock
The Butterflies,vintage dutch pop
Macklemore & Ryan Lewis Featuring ScHoolboy Q & Hollis,pop
Trippie Redd Featuring Travis Scott,rap
Tab Benoit,blues
John Coltrane Quartet,jazz
Hiss Golden Messenger,folk
Bruno Mars,pop
Meek Mill Featuring Cardi B,rap
Joseph Tawadros,arab folk
Raymix,musica mexicana
Bing & Ruth,ambient
Meek Mill Featuring Ella Mai,rap
C. Da Afro,disco house
David Lee Murphy & Kenny Chesney,country
Migos Featuring DJ Khaled,atl hip hop
Nicki Minaj Featuring 2 Chainz,pop
Guts,bboy
Holocausto,brazilian metal
Anna Kendrick,hollywood
DJ Isaac,australian dance
Nipsey Hussle Featuring Roddy Ricch & Hit-Boy,conscious hip hop
"Sech, Darell, Nicky Jam, Ozuna & Anuel AA",latin
The Downtown Fiction,alternative pop rock
Myth Syzer,french hip hop
J. Cole Featuring TLC,conscious hip hop
Enrique Iglesias Featuring Descemer Bueno & Gente de Zona,pop
Ranveer Singh,desi hip hop
The Maine,rock
Iggy Azalea Featuring Charli XCX,pop
Russ,hawaiian hip hop
Stanley Turrentine,jazz
Pestilence,metal
Mega Drive,cyberpunk
Jerrod Niemann,country
Greg Bates,country road
Jason Derulo,pop
Oneke,focus
Rivers & Robots,ambient worship
Georgia Anne Muldrow,alternative hip hop
Bill Frisell,jazz
Skrillex,brostep
Walter Trout,blues
Mnemic,cyber metal
Hard Excess,austrian metal
Scotty McCreery,country
Brenda Lee,adult standards
The White Buffalo & The Forest Rangers,new americana
Bruno Mars & Cardi B,pop
Blake Shelton Featuring Ashley Monroe,country
Jaheim,contemporary r&b
"benny blanco, Tainy, Selena Gomez & J Balvin",pop
High Valley,country
6ix9ine Featuring A Boogie Wit da Hoodie,rap
Innoss'B,african gospel
The Chainsmokers & Coldplay,pop
Wiz Khalifa Featuring Too $hort,rap
The Mahones,canadian celtic
The Chainsmokers Featuring Daya,pop
Talla 2XLC,trance
Knowa Knowone,glitch hop
Suicide Silence,metalcore
Urfaust,ambient black metal
Sage The Gemini,dance pop
Daniel Pemberton,soundtrack
B.o.B Featuring Taylor Swift,pop
Usher Featuring Juicy J,atl hip hop
Cardi B Featuring SZA,pop
Lil Jon Featuring LMFAO,atl hip hop
Migos,atl hip hop
Baths,chillwave
YoungBoy Never Broke Again,baton rouge rap
Blake Shelton & Dia Frampton,country
Don Toliver,pop
Guru,boston hip hop
Delle Alpi,atmosphere
Girlpool,anti-folk
Agent K,broken beat
Cardi B,pop
Mike Dunn,chicago house
Anuel AA & Romeo Santos,reggaeton
Testament,metal
Banda Tierra Sagrada,banda
Buddy Guy,blues
Omac,west australian hip hop
They Dream By Day,atmosphere
Al Gromer Khan,meditation
Drake Featuring Sampha,canadian hip hop
Gym Class Heroes Featuring Neon Hitch,dance pop
Otto Totland,compositional ambient
Beast In Black,finnish heavy metal
Avantasia,metal
Sara Watkins,bluegrass
Troye Sivan,pop
Antoine Dodson & The Gregory Brothers Featuring Kelly Dodson,
Lifehouse,alternative metal
From The Dark,alabama metal
Arizona Zervas,pop rap
Twista Featuring Chris Brown,rap
Daddy Yankee,latin
August Burns Red,metalcore
Christina Perri Featuring Steve Kazee,pop
Ne-Yo,pop
The Chainsmokers,pop
Drake Featuring JAY-Z,canadian hip hop
Dre Murray,christian hip hop
Rick Ross Featuring Wale & Drake,rap
Glee Cast,glee club
Flo Rida Featuring David Guetta,pop
Jamie N Commons & X Ambassadors,rock
Us3,jazz rap
Timecop1983,cyberpunk
Nate Fifield,ballet class
Benny Sings,dutch pop
Usher Featuring will.i.am,atl hip hop
Mac Miller,rap
Hannibal Buress,comedy
Pray TV,australian alternative rock
Charlie Puth Featuring Meghan Trainor,pop
RetroElectric Big Band,electro swing
Cashmere Cat,pop
Kanye West Jay Z,rap
Gavin Luke,compositional ambient
Bizzle,christian hip hop
Erykah Badu,afrofuturism
"Kristen Bell, Agatha Lee Monn & Katie Lopez",disney
Sister Rosetta Tharpe,blues
Deep Watch,background music
Kendrick Lamar Featuring Rihanna,conscious hip hop
"Beyonce, JAY-Z & Childish Gambino Featuring Oumou Sangare",pop
Krut,ukrainian indie
Auli'i Cravalho,disney
Maren Morris Featuring Vince Gill,country
Joyner Lucas & Chris Brown,boston hip hop
Adrian Von Ziegler,dungeon synth
Gershon Jackson,chicago house
Manilla Road,metal
John Newman,
Justin Bieber Featuring Jaden Smith,pop
Calvin Harris Featuring Future & Khalid,pop
Hailee Steinfeld,pop
Drake Featuring The Throne,canadian hip hop
LMFAO Featuring Lauren Bennett & GoonRock,dance pop
Heyoka,downtempo bass
Jeff Rosenstock,emo
Iyaz,dance pop
Kendrick Lamar Featuring Zacari,conscious hip hop
Chris Cagle,country
Jon Bellion,pop rap
Gucci Mane Featuring Plies Or OJ Da Juiceman,rap
Deep Dive Corp.,electro jazz
Noah Cyrus Featuring Labrinth,pop
Living Death,german metal
Lambert,compositional ambient
Tiesto Featuring Matthew Koma,pop
J Balvin,reggaeton
Antologie,background music
Brantley Gilbert + Lindsay Ell,country
Völund Smed,danspunk
Josh Turner,country
Solange,pop
Kodak Black,rap
Statik Selektah,alternative hip hop
Galantis,pop
Ciara Featuring Nicki Minaj,pop
The Revivalists,rock
The Weeknd Featuring Future,canadian contemporary r&b
Far*East Movement Featuring Cataracs & Dev,asian american hip hop
YG Featuring Drake & Kamaiyah,rap
Exmortem,danish death metal
Calibre 50,musica mexicana
Juice WRLD & YoungBoy Never Broke Again,chicago rap
Yo Gotti Featuring Nicki Minaj,rap
Pharrell Williams,pop
Terry Riley,american contemporary classical
My Darkest Days,alternative metal
Doja Cat & Tyga,pop
The Swing Bot,electro swing
Danger Liker,canadian post-hardcore
Super Furry Animals,alternative rock
Ty Dolla $ign Featuring Wiz Khalifa & DJ Mustard,hip hop
Spencer Day,contemporary vocal jazz
Matisyahu,reggae fusion
Orion's Reign,greek metal
Hannah Huston,deep talent show
Knight Riderz,glitch hop
Fantasia,r&b
Chris Jamison,deep talent show
Yolanda Be Cool,australian dance
Billy Kenny,bass house
Bobby Bazini,canadian pop
Tinie Tempah Featuring Wiz Khalifa,dance pop
"Pitbull Featuring Ne-Yo, Afrojack & Nayer",pop
Mastic Scum,austrian metal
Tiwa Savage,afro dancehall
Zedd Featuring Jon Bellion,pop
Bebo Best,electro swing
Macklemore & Ryan Lewis Featuring Mary Lambert,pop
"Kanye West, Big Sean, Pusha T, 2 Chainz",rap
YFN Lucci Featuring PnB Rock,arkansas hip hop
Kenny Chesney Featuring Grace Potter,country
Arcanjo Ras,brazilian reggae
Leonardo Da Vinyl,experimental dubstep
Christina Aguilera & Beverly McClellan,pop
Jess Glynne,pop
Thompson Square,country
J Balvin & Willy William Featuring Beyonce,reggaeton
Smile Empty Soul,alternative metal
Keith Urban,country
Olly Murs Featuring Chiddy Bang,pop
Black Tiger Sex Machine,brostep
Kiesza,electropop
Idina Menzel & Evan Rachel Wood,hollywood
The Lonely Island Featuring Akon,comedy rap
This Century,alternative pop rock
Travie McCoy Featuring Bruno Mars,dance pop
Joshua Hyslop,acoustic pop
FaltyDL,future garage
Twin Peaks,chicago indie
Nmesh,dreampunk
Nickelback,alternative metal
Shakira Featuring Lil Wayne,pop
Tori Kelly,pop
Spoon,rock
Vader,metal
Jeremy Camp,ccm
WE the Kings Featuring Demi Lovato,neon pop punk
LANCO,contemporary country
"Hugh Jackman, Keala Settle, Zac Efron, Zendaya & The Greatest Showman Ensemble",hollywood
Tanya Gordon,ballet class
Kink,bulgarian electronic
Little Big Town,country
Joe Arroyo,salsa
Brett Young,country
Khalid,pop
"Anuel AA, Daddy Yankee, Karol G, Ozuna & J Balvin",reggaeton
YNW Melly,melodic rap
Masala Roo,atmosphere
David Torn,dark jazz
Feelds,australian alternative pop
Kodak Black Featuring XXXTENTACION,rap
Julien Baker,ambient folk
Grupo Ensamble,cumbia sonidera
B.o.B Featuring Hayley Williams,pop
Lewis Capaldi,pop
iwrestledabearonce,alabama metal
John Fahey,folk
Rob De Nijs,dutch pop
The Friday Night Boys,alternative pop rock
Thomas Rhett Featuring Maren Morris,country
Fetty Wap Featuring Remy Boyz,rap
"Jay-Z, Rihanna & Kanye West",east coast hip hop
Miss K8,dark hardcore
Nokae,kawaii future bass
Rebecca Black,pop
"Shaggy Featuring Mohombi, Faydee, Costi",pop rap
Kizz Daniel,afropop
Sam Smith Featuring Logic,pop
Drake Featuring T.I. & Swizz Beatz,canadian hip hop
Moon Laika,background music
Vital Remains,black metal
Duck Sauce,disco house
Metro Boomin Featuring Offset & Drake,hip hop
T.I. Featuring Iggy Azalea,rap
Kastle,future garage
Trevor Daniel,alternative r&b
Travie McCoy Featuring Jason Mraz,dance pop
PIKOTARO,
Aphyxion,danish death metal
Cæcilie Norby,contemporary vocal jazz
MC Koringa,funk carioca
Kumbhaka,atmosphere
Ariana Grande Featuring Future,pop
"Artists Of Then, Now & Forever",
"Hustle Gang Featuring T.I., B.o.B, Kendrick Lamar & Kris Stephens",rap
Robin Thicke Featuring T.I. + Pharrell,contemporary r&b
Igorrr,avant-garde metal
DaVido,afropop
The Soundcarriers,chamber psych
K'Naan,reggae fusion
Hoodie Allen Featuring Ed Sheeran,indie pop rap
Big Sean Featuring Kanye West & Roscoe Dash,detroit hip hop
Polo & Pan,dark disco
Arnold Schoenberg,classical
Hatti Vatti,polish ambient
Yo Yo Honey Singh,desi pop
Nelly Featuring Jeremih,rap
In Her Own Words,alternative emo
The New Mastersounds,funk
The Velvet Underground,rock
Marshall Law,birmingham metal
Reyer,christelijk
Toothgrinder,american metalcore
Tensei,abstract beats
Roddy Ricch Featuring Meek Mill,rap
Romeo Santos Featuring Drake,bachata
Matt Carlson,ukulele
Pearl Jam,grunge
Lucy In Disguise,chillsynth
G-Eazy & Kehlani,pop
Krewella,dance pop
Vishal Dadlani,desi pop
Doomshine,doom metal
Pardison Fontaine Featuring Cardi B,rap
Hawk Nelson,canadian ccm
Bebe Rexha & Florida Georgia Line,pop
Nipsey Hussle Featuring Belly & DOM KENNEDY,conscious hip hop
Los Llayras,cumbia
T-Pain Featuring B.o.B,pop
Wolfgang Lohr,electro swing
Machine Gun Kelly,ohio hip hop
Tim McGraw With Taylor Swift,country
Cali Swag District,pop rap
Lil Wayne & Charlie Puth,rap
Diddy - Dirty Money Featuring Drake,hip pop
Jett Rebel,dutch indie
MxPx,punk
Job For A Cowboy,deathcore
Michael Ray,country
Matty B,australian comedy
The Ronettes,adult standards
Toro y Moi,alternative dance
Jimmie Davis,country gospel
Chedda Da Connect,trap
J. Cole Featuring Trey Songz,conscious hip hop
Grouplove,rock
Lil Wayne Featuring Drake,rap
Gucci Mane Featuring Migos,rap
Post Malone Featuring Justin Bieber,rap
Galimatias,alternative r&b
The Third Bardo,classic garage rock
Redimi2,latin christian
ASMR Glow,asmr
Lil Wayne Featuring XXXTENTACION,rap
Sun Glitters,chillwave
Yonder Mountain String Band,bluegrass
Audio Lotion,electro jazz
Wiz Khalifa Featuring Snoop Dogg & Ty Dolla $ign,rap
Toby Keith,country
Imagine Dragons,rock
Lil Dicky Featuring Fetty Wap & Rich Homie Quan,rap
MadeinTYO,atl hip hop
DJ Snake & Lil Jon,pop
T-Pain Featuring Lil Wayne,pop
Disclosure Featuring Sam Smith,edm
Erra,metalcore
Hadouken!,dance-punk
"Juicy J, Wiz Khalifa & Ty Dolla $ign Featuring Kill The Noise & Madsonik",rap
PARTYNEXTDOOR Featuring Drake,rap
Tinashe Featuring ScHoolboy Q,pop
Hunter Hayes,country
Machinedrum,footwork
Yohuna,bedroom pop
Lea Michele,hollywood
Brett Eldredge,country
Bebe Rexha,pop
"Zedd, Maren Morris & Grey",pop
"DJ Khaled Featuring Chris Brown, August Alsina, Future & Jeremih",pop
Theory Of A Deadman,alternative metal
Darkbuster,oi
Chris Stapleton,contemporary country
Gang Of Four,alternative rock
This Wild Life,anthem emo
"21 Savage, Offset & Metro Boomin Featuring Travis Scott",atl hip hop
Crass,punk
Quavo,atl hip hop
Nils Frahm,compositional ambient
Aidan Knight,canadian indie
Conflict,punk
Massive Attack,big beat
Buku,bass trap
Shadows Fall,alternative metal
Candlemass,metal
Solitude Aeturnus,doom metal
Chance The Rapper,rap
No Doubt,alternative rock
Drake Featuring Michael Jackson,canadian hip hop
Lil Peep & iLoveMakonnen Featuring Fall Out Boy,emo rap
Karol G & Nicki Minaj,reggaeton
Lauv & Troye Sivan,pop
Bleed From Within,metalcore
Mighty Sparrow,calypso
Lana Del Rey Featuring The Weeknd,pop
Jonn Hart Featuring IamSU!,pop r&b
Funktimizer,future funk
Ellie Goulding & Juice WRLD,pop
A Thousand Horses,contemporary country
Thomas Bergersen,epicore
Elm Street,australian metal
Christina Perri,pop
"Cardi B, Bad Bunny & J Balvin",pop
Vishal-Shekhar,desi pop
The Knocks,alternative dance
Pusha T,hip hop
Chromatics,alternative dance
Regentum,background music
Future Islands,alternative dance
Zedd,pop
Subtracters,asmr
Michel Mondrain,atmosphere
YNW Melly & 9lokknine,melodic rap
Fred V & Grafix,dancefloor dnb
Royal Republic,german rock
Armaan Malik,desi pop
Andrew Bird,art pop
Jack Wins,house
Vermillion Lies,dark cabaret
Lil Yachty Featuring NBA YoungBoy,atl hip hop
Wiz Khalifa Featuring Swae Lee,rap
Martin Garrix Featuring Khalid,pop
Mary Lou Williams,jazz piano
Sean Paul Featuring Alexis Jordan,pop
Omarion Featuring Chris Brown & Jhene Aiko,dance pop
Pitbull Featuring T-Pain & Sean Paul,pop
Chris Brown Featuring Kevin K-MAC McCall,pop
G-Eazy,pop
YC Featuring Future,atl hip hop
Young M.A,rap
Hyper,big beat
Timbaland Featuring Drake,pop
Roberta Gambarini,contemporary vocal jazz
Fight The Fury,christian hard rock
Yolanda Be Cool & Dcup,
Gregg Kowalsky,drone
Imran Khan,desi hip hop
Backstreet Boys,boy band
6ix9ine Featuring DJ SPINKING,rap
Sybreed,cyber metal
STARSET,future rock
Vanessa Paradis,chanson
Kanye West Featuring Paul McCartney,rap
Blanco Brown,black americana
Black Metal Raccoons,finnish electro
George Brigman,bass trip
Big Sean Featuring E-40,detroit hip hop
The Young Novelists,canadian folk
Volbeat,alternative metal
Normani,pop
Shawn Mendes Featuring Khalid,pop
Florida Georgia Line,country
Cherrelle,contemporary r&b
Glee Cast Featuring Ricky Martin,glee club
Hillsong UNITED,ccm
Fireforce,belgian metal
Pitbull Featuring Enrique Iglesias,pop
Wale Featuring Usher,rap
Geneva Jacuzzi,grave wave
Dylan Scott,country
Ace Hood Featuring Chris Brown,rap
Ultimatum,christian metal
Sugarland,country
Scott Hamilton,jazz saxophone
Tape Five,swing
Cobra Starship Featuring Sabi,dance pop
Martin Solveig & Dragonette,house
Ava Max,pop
DJ Khaled Featuring Beyonce & JAY Z,pop
Billie Eilish & Khalid,pop
Kanye West Featuring T.I.,rap
Josh Lee Hamilton,australian indie folk
D-A-D,danish alternative rock
"DJ Drama Featuring Chris Brown, Skeme & Lyquin",rap
Big Sean Featuring Chris Brown & Ty Dolla $ign,detroit hip hop
Stonebwoy,dancehall
Young Jeezy Featuring Ne-Yo,atl hip hop
LX Sweat,vaporwave
"Khalid, Ty Dolla $ign & 6LACK",pop
Migos Featuring 21 Savage,atl hip hop
Sam Tinnesz,alt z
6ix9ine Featuring Anuel AA,rap
The Worship Initiative,anthem worship
Eminem Featuring Dr. Dre,detroit hip hop
Keith Urban Featuring Carrie Underwood,country
Tim McGraw,country
Maroon 5 Featuring Kendrick Lamar,pop
Guru Randhawa,desi hip hop
J. Cole Featuring Amber Coffman & The Cults,conscious hip hop
Juice WRLD Featuring Lil Uzi Vert,chicago rap
Kanye West,rap
Fetty Wap Featuring Monty,rap
YNW Melly Featuring Kanye West,melodic rap
Rej3ctz,pop rap
Four Year Strong,emo
Blueface,cali rap
Big Sean Featuring Drake,detroit hip hop
Bilal Saeed,desi hip hop
Lil Uzi Vert Featuring Nicki Minaj,rap
Metá Metá,brazilian indie
Outasight,
Lil Dicky,rap
Jens Buchert,chill lounge
The Fray,neo mellow
Marionette,gothenburg metal
Calboy,chicago rap
Anuel AA & Karol G,reggaeton
Beheaded,brutal death metal
Keala Settle & The Greatest Showman Ensemble,broadway
Bonobo,downtempo
Nalin & Kane,bubble trance
Cass McCombs,alternative country
Wale,rap
Pijn,british post-rock
Halsey,pop
Tetra Hydro K,dub reggae
Ciara,pop
Kelly Rowland,pop
Echoing Angels,ccm
Bushman'S Revenge,norwegian contemporary jazz
Midland,neo-traditional country
AJR,modern rock
Lady Gaga Featuring Beyonce,pop
The Merrymen,calypso
Jacky Terrasson,jazz
Young Jeezy Featuring 2 Chainz,atl hip hop
Sam Smith,pop
Samini,afro dancehall
Summer Walker,pop
Boston Manor,alternative emo
Noctiferia,charred death
Lady Antebellum,country
The Duhks,banjo
Poison Idea,punk
Ali Gatie,canadian hip hop
Ronny Jordan,smooth jazz
Kehlani,pop
G-Eazy Featuring Chris Brown & Tory Lanez,pop
Young Dro,rap
Mason Jennings,indie folk
SHAED,electropop
Metal Command,chilean metal
Janet Featuring J. Cole,dance pop
Harold Budd,ambient
Hovvdy,austindie
Ty Dolla $ign Featuring B.o.B,hip hop
Showoff,chicago punk
Cher Lloyd,pop
Usher Featuring Jay-Z,atl hip hop
Colin Matthews,british contemporary classical
Sade,british soul
Calvin Harris,pop
Rihanna Featuring Drake,pop
Meek Mill,rap
Luis Fonsi & Daddy Yankee Featuring Justin Bieber,latin
OVERWERK,canadian electronic
Timbaland Featuring Justin Timberlake,pop
Taiki Nulight,bass house
Kid Ink Featuring Chris Brown,dance pop
Vance Joy,folk-pop
Panda Dub,electro dub
Keith Urban And Miranda Lambert,country
Pöbel MC,antideutsche
Craig Wayne Boyd,deep talent show
Dwayne Johnson,
Kenny Chesney With Grace Potter,country
Plies Featuring Kodak Black,rap
Monica,r&b
Canaan Smith,country
M83.,french shoegaze
V V Brown,british soul
"David Guetta Featuring Nicki Minaj, Bebe Rexha & Afrojack",pop
Maroon 5 Featuring Christina Aguilera,pop
TANUKI,future funk
Sykelig Englen,british black metal
Immolation,metal
Self Defense Family,dreamo
Nipsey Hussle Featuring YG,conscious hip hop
Lady Gaga & Bradley Cooper,pop
Mike Posner,pop
James Arthur,pop
Jeremih,pop
Beyonce Featuring Jack White,pop
Banda Los Recoditos,banda
Epic Score,epicore
Romeo Santos Featuring Usher,bachata
George Ezra,folk-pop
Prima Nocta,medieval folk
Furze,experimental black metal
Marian Hill,electropop
Subtronics,dubstep
"Steve Aoki, Chris Lake & Tujamo Featuring Kid Ink",dance pop
Ayla,trance
George Frideric Handel,baroque
Flames,greek metal
King Diamond,metal
Binary One,background music
Shawn Mendes & Camila Cabello,pop
Die Türen,german indie
Lando Chill,experimental hip hop
Rich The Kid Featuring Kendrick Lamar,atl hip hop
R. Kelly,
Gwen Stefani,pop
Floating Lights,atmosphere
Hammerfall,metal
Brand of Sacrifice,deathcore
Ella Henderson,pop
Jodarok,finnish hip hop
DJ Muggs,rap
PVRIS,rock
Dustin Lynch,country
ScHoolboy Q,rap
Carly Pearce,country
Hella,experimental rock
Highlands Worship,worship
Yellow Claw,bass trap
Wolf and Willow,australian indie folk
Sleepy Fish,chillhop
Dj Spinna,broken beat
2 Chainz,atl hip hop
Lil Tjay,brooklyn drill
10 Years,alternative metal
Monkey Business,czech folk
Royal Blood,rock
Madonna Featuring Nicki Minaj,pop
Lasse Stefanz,dansband
Panda Bear,art pop
Justin Bieber Featuring Big Sean,pop
Kesha,pop
Dropkick Murphys,punk
Holy Communion Instrumental Duo,ambient worship
Only Sun,english indie rock
Fall Out Boy,rock
Roland Mercier,atmosphere
Woody Pitney,australian singer-songwriter
HNNY,deep house
Shlohmo,downtempo
Yuni Wa,future funk
Au5,edm
Jesse Taylor,australian indie folk
Melanie Fiona,canadian pop
The Ungrateful,gothenburg metal
j'san,chillhop
Train,pop
Tapps,italian disco
WALK THE MOON,rock
Stefano Patarnello,ambient dub techno
Snowy White,blues
Young Jeezy Featuring Plies,atl hip hop
Badklaat,dubstep
Justin Jay,deep disco house
George FitzGerald,electronica
Khoma,post-metal
Missy Elliott Featuring Pharrell Williams,pop
Edward Maya & Vika Jigulina,dance pop
Jordan Smith,idol
Deadstar,
Arbour,chillhop
Jadon Lavik,ccm
Pav Dharia,desi pop
French Montana Featuring Kodak Black,rap
Starley,aussietronica
Gold Motel,chicago indie
Britney Spears Featuring Nicki Minaj & Ke$ha,pop
Team Ghost,french shoegaze
Bad Meets Evil Featuring Bruno Mars,rap
Lil Wayne Featuring Eminem,rap
Green Day,permanent wave
Selena Gomez,pop
The Black Eyed Peas,pop
Robin Schulz Featuring Francesco Yates,pop
Diamond Platnumz,azontobeats
Rat Hammer,chicago indie
M83,french shoegaze
Pimps of Joytime,funk
Mark Ronson Featuring Miley Cyrus,pop
Meridian,danish metal
B.o.B Featuring T.I. & Juicy J,pop
Jonas Brothers,pop
The Killjoys,canadian indie
Travis Scott,hip hop
Frenchy and the Punk,dark cabaret
Dave Brubeck,jazz
What So Not,aussietronica
BLACKPINK,k-pop
Om Unit,bristol electronic
Tory Lanez & T-Pain,rap
Barbara Tucker,chicago house
Jimmie Allen,country
Shonlock,ccm
Lars Schneemann,frankfurt electronic
Matthew Schuler,deep talent show
August Alsina Featuring Trinidad James,pop r&b
Christina Aguilera With Blake Shelton,pop
The Idle Race,bubblegum pop
Pedro Capo X Farruko,latin
Ariana Grande & Victoria Monet,pop
Red Hot Chili Peppers,alternative rock
Clinic,art punk
Lil Baby & Gunna Featuring Drake,atl hip hop
Black Moth,gaian doom
Pony Pony Run Run,french indie pop
Juliet Simms,deep talent show
Tété,chanson
Battle Beast,finnish heavy metal
クラシックバレエ クラブ,ballet class
James Ruskin,minimal dub
Hot Chelle Rae,pop
In This Moment,alternative metal
White Denim,austin rock
Carousel Kings,anthem emo
Janet & Daddy Yankee,dance pop
Megan Thee Stallion Featuring DaBaby,pop
Ludacris,atl hip hop
Shawn Mendes,pop
French Montana Featuring Swae Lee,rap
Rajasinga,indonesian death metal
Dirty Honkers,electro swing
Post Malone & Swae Lee,rap
Creative Calm ASMR,asmr
Binary Finary,trance
The Interbeing,cyber metal
Avicii,pop
Felix Jaehn,pop
Breakestra,funk
DeJ Loaf,detroit hip hop
Duncan Fellows,austindie
"Meek Mill Featuring T.I., Birdman, Lil Wayne, DJ Khaled, Rick Ross & Swizz Beatz",rap
Animals As Leaders,djent
XXXTENTACION Featuring PnB Rock & Trippie Redd,emo rap
Tristam,edm
Canton Jones,christian hip hop
Luke Combs & Brooks & Dunn,country
Rihanna Featuring Slash,pop
The Neptune Power Federation,australian psych
Unknown Mortal Orchestra,chillwave
Old 97's,alternative country
Ugly God,trap
Martin Solveig,house
L'Impératrice,french indie pop
Pitbull Featuring Jennifer Lopez & Claudia Leitte,pop
Armand Hammer,alternative hip hop
Zay Hilfigerrr & Zayion McCall,
Kyoto Jazz Massive,acid jazz
Terry McDermott,deep talent show
The Ocean,alternative metal
Ramin Djawadi,soundtrack
Borknagar,metal
M-Dot,boston hip hop
Wiz Khalifa Featuring Ty Dolla $ign,rap
Ahmad Jamal,jazz
Beyonce Featuring Kendrick Lamar,pop
Pauline Croze,chanson
MAGIC!,reggae fusion
Jacquees X Dej Loaf,pop
Snoop Dogg,rap
Enslaved,metal
McCoy Tyner,jazz
T-Pain Featuring Joey Galaxy,pop
Steve Roach,ambient
"Rich Gang Featuring Lil Wayne, Birdman, Future, Mack Maine, Nicki Minaj",rap
Kid Ink Featuring Usher & Tinashe,dance pop
Miranda Lambert Duet With Carrie Underwood,country
Jason Derulo Featuring Nicki Minaj & Ty Dolla $ign,pop
Zack Hemsey,epicore
"Mustard featuring NAV, Playboi Carti & A Boogie Wit da Hoodie",rap
Brandon Lay,contemporary country
Lil Baby & Drake,atl hip hop
Jordy Maxwell,australian indie folk
Jamie Berry,electro swing
DJ Snake Featuring Bipolar Sunshine,pop
Stephan Jacobs,glitch hop
Thergothon,doom metal
Hidden Citizens,epicore
Martin Garrix & Dua Lipa,pop
Kleinstadthelden,german indie rock
Go Radio,neon pop punk
Oak Pantheon,blackgaze
Something Corporate,emo
Bill Charlap Trio,jazz
A Traitor Like Judas,german metalcore
Juicy J Featuring Wale & Trey Songz,rap
twenty one pilots,rock
Todd Terry,house
Eminem Featuring Rihanna,detroit hip hop
Dierks Bentley Featuring Elle King,country
Novembers Doom,doom metal
Lupe Fiasco & Guy Sebastian,rap
Judah & the Lion,banjo
Synthetic Breed,cyber metal
North Point Worship,anthem worship
Drake Featuring Rick Ross,canadian hip hop
Big Sean Featuring Kanye West & John Legend,detroit hip hop
Lana Del Rey,pop
Indochine,chanson
Hermitude,australian dance
Lil Wayne Featuring Drake & Future,rap
Mumford & Sons,modern folk rock
Ludacris Featuring Usher & David Guetta,atl hip hop
Prince And The Revolution,funk
Family Force 5,christian alternative rock
City Girls,pop
DJ Khaled Featuring Rihanna & Bryson Tiller,pop
Kiss Daniel,afropop
Miracle Of Sound,comic
Zedd Featuring Hayley Williams,pop
Katy Perry Featuring Kanye West,pop
Masahiro Sugaya,fourth world
Hailee Steinfeld & Grey Featuring Zedd,pop
Lady Gaga Featuring R. Kelly,pop
Gavin DeGraw,pop
Liam Gallagher,britpop
Boys Noize,alternative dance
Pasty Clan,austrian metal
"Drake Featuring Kanye West, Lil Wayne & Eminem",canadian hip hop
Flipp Dinero,rap
Trap City,bass trap
Periphery,djent
Romeo Santos,bachata
Keith Urban Featuring Julia Michaels,country
Ninja Sex Party,comic
Lil Wayne Featuring Bruno Mars,rap
Maroon 5 Featuring Future,pop
Venom,metal
Shakey Graves,austin americana
Butterfly Trajectory,atmospheric sludge
Usher Featuring Pitbull,atl hip hop
Rich Gang Featuring Young Thug & Rich Homie Quan,rap
Michael Schulte,pop
James Newton Howard Featuring Jennifer Lawrence,soundtrack
Martin Garrix & Bebe Rexha,pop
Ray Guell,freestyle
Labrinth Featuring Emeli Sande,indie poptimism
David Nail,country
Portugal. The Man,rock
Diplo Presents Thomas Wesley Featuring Morgan Wallen,pop
Jazmine Sullivan,pop
Drake Featuring Young Thug,canadian hip hop
Astarte,black metal
Cólera,brazilian hardcore
Enrique Iglesias,pop
Alexandre Desplat,soundtrack
O.T. Genasis Featuring Young Dolph,rap
Natasha Bedingfield,pop
Grave Digger,metal
R3HAB,dance pop
Zedd Featuring Foxes,pop
Jessie J Featuring B.o.B,pop
The Game Featuring Drake,canadian hip hop
Future Featuring Lil Wayne,atl hip hop
Justin Bieber,pop
Ca$h Out,atl hip hop
Yo Gotti,rap
Grace Featuring G-Eazy,pop
Voia,kawaii future bass
Bonde do Tigrão,funk carioca
Cruel Force,black speed metal
Wonders of Nature,dungeon synth
Of Monsters And Men,folk-pop
New Boyz Featuring The Cataracs & Dev,dance pop
ScHoolboy Q Featuring Kendrick Lamar,rap
Ramshackle Glory,acoustic punk
7 H. Target,russian death metal
Cryptic One,abstract hip hop
Meek Mill Featuring Jeremih & PnB Rock,rap
Tyga Featuring Young Thug,dance pop
Post Malone Featuring SZA,rap
Lupe Fiasco Featuring Skylar Grey,rap
